{"stats":{"minecraft:killed":{"mutantmonsters:mutant_skeleton":1,"born_in_chaos_v1:decrepit_skeleton":2,"born_in_chaos_v1:maggot":2,"luminousworld:savannah_skeleton":2,"undead_revamp2:thesomnolence":1,"minecraft:zombie":6,"minecraft:bee":1,"enemyexpansion:botfly":2,"enemyexpansion:vampflyer":1,"minecraft:cow":2},"minecraft:killed_by":{"mutantmonsters:mutant_skeleton":2,"enemyexpansion:invisicreeper":1},"minecraft:mined":{"minecraft:acacia_leaves":4,"minecraft:crafting_table":3,"minecraft:torch":1,"minecraft:granite":9,"minecraft:acacia_log":8,"minecraft:melon":14,"minecraft:lectern":1,"minecraft:cobblestone":4,"quark:acacia_chest":2,"friendsandfoes:acacia_beehive":1,"minecraft:damaged_anvil":1,"placeablesmod:bread_full_block":4,"minecraft:skeleton_skull":1,"minecraft:hay_block":47,"minecraft:light_blue_bed":4,"minecraft:furnace":1,"minecraft:iron_ore":9,"minecraft:grass":8,"minecraft:bookshelf":40,"minecraft:oak_log":6,"luminousworld:ishstone":1,"minecraft:zombie_head":1,"minecraft:acacia_fence":1,"minecraft:sunflower":2,"minecraft:orange_bed":1,"minecraft:stone":64,"luminousworld:elephant_grass":2,"luminousworld:savannah_grass_4":2,"minecraft:cake":1,"luminousworld:savannah_ground":1},"minecraft:picked_up":{"born_in_chaos_v1:corpse_maggot":1,"minecraft:crafting_table":4,"luminousworld:savannah_ground":1,"minecraft:wheat":9,"luminousworld:ishstone":1,"minecraft:leather":6,"minecraft:enchanted_book":2,"minecraft:oak_log":8,"minecraft:gunpowder":1,"iceandfire:manuscript":4,"minecraft:string":13,"minecraft:lantern":1,"minecraft:iron_axe":2,"minecraft:experience_bottle":1,"minecraft:item_frame":3,"minecraft:iron_shovel":1,"minecraft:bone":2,"minecraft:zombie_head":1,"iceandfire:bestiary":1,"minecraft:wheat_seeds":19,"minecraft:iron_ingot":5,"minecraft:beef":6,"luminousworld:elephant_grass":1,"friendsandfoes:acacia_beehive":1,"minecraft:lectern":1,"minecraft:melon_slice":60,"minecraft:iron_boots":1,"minecraft:furnace":1,"minecraft:book":124,"minecraft:raw_iron":9,"minecraft:acacia_fence":1,"minecraft:torch":2,"minecraft:acacia_log":8,"minecraft:light_blue_bed":4,"minecraft:orange_bed":1,"minecraft:bundle":1,"minecraft:arrow":2,"minecraft:weeping_vines":2,"minecraft:rotten_flesh":5,"quark:acacia_chest":2,"minecraft:writable_book":1,"minecraft:hay_block":47,"minecraft:granite":9,"minecraft:painting":1,"minecraft:bread":6,"minecraft:gold_ingot":2,"minecraft:emerald":3,"supplementaries:ash":1,"minecraft:oak_sapling":1,"minecraft:damaged_anvil":1,"minecraft:skeleton_skull":1,"minecraft:cobblestone":65,"minecraft:sunflower":1},"minecraft:used":{"luminousworld:ishstone":1,"minecraft:torch":5,"minecraft:iron_chestplate":1,"minecraft:crafting_table":5,"quark:acacia_chest":1,"minecraft:granite":9,"minecraft:apple":1,"minecraft:sunflower":1,"minecraft:bread":27,"minecraft:melon_slice":1,"minecraft:iron_axe":145,"minecraft:iron_pickaxe":90,"minecraft:light_blue_bed":3,"luminousworld:elephant_grass":1,"minecraft:item_frame":3,"minecraft:cobblestone":18,"minecraft:furnace":1,"minecraft:oak_sapling":1,"tombstone:gift":6,"alexsmobs:animal_dictionary":4,"minecraft:experience_bottle":4,"minecraft:cobweb":12},"minecraft:dropped":{"minecraft:wheat_seeds":17,"minecraft:rotten_flesh":5,"artifacts:whoopee_cushion":1,"minecraft:lantern":1,"aether:leather_gloves":1,"supplementaries:ash":1,"minecraft:torch":1,"minecraft:bundle":1,"minecraft:skeleton_skull":1,"minecraft:iron_chestplate":1,"luminousworld:savannah_ground":1,"minecraft:acacia_sapling":2,"minecraft:iron_axe":1,"minecraft:arrow":2,"minecraft:iron_pickaxe":1},"minecraft:crafted":{"minecraft:cooked_beef":2,"minecraft:oak_planks":32,"sophisticatedbackpacks:backpack":1,"minecraft:crafting_table":3,"minecraft:bread":50,"minecraft:air":0,"minecraft:iron_axe":1,"minecraft:stick":48,"minecraft:iron_pickaxe":2,"minecraft:acacia_planks":32,"minecraft:torch":40,"minecraft:wheat":144},"minecraft:custom":{"minecraft:interact_with_furnace":5,"minecraft:mob_kills":21,"minecraft:interact_with_crafting_table":8,"minecraft:leave_game":1,"minecraft:time_since_death":17786,"minecraft:sleep_in_bed":6,"minecraft:time_since_rest":3320,"minecraft:sprint_one_cm":183786,"minecraft:damage_taken":2206,"minecraft:walk_one_cm":207135,"minecraft:drop":19,"minecraft:damage_dealt":4177,"minecraft:talked_to_villager":3,"minecraft:fly_one_cm":217981,"minecraft:open_chest":30,"minecraft:crouch_one_cm":37924,"minecraft:play_time":81640,"tombstone:undead_killed":12,"minecraft:deaths":4,"minecraft:sneak_time":10796,"minecraft:walk_under_water_one_cm":3830,"minecraft:jump":1246,"minecraft:walk_on_water_one_cm":7354,"minecraft:total_world_time":81640,"minecraft:fall_one_cm":31005}},"DataVersion":3465}