{"stats":{"minecraft:mined":{"minecraft:grass":2,"minecraft:oak_log":6,"minecraft:light_blue_bed":1,"minecraft:furnace":1,"minecraft:sunflower":2,"minecraft:damaged_anvil":1,"minecraft:crafting_table":1},"minecraft:crafted":{"minecraft:oak_planks":24,"minecraft:crafting_table":1,"minecraft:stick":8,"minecraft:iron_pickaxe":2},"minecraft:dropped":{"minecraft:iron_pickaxe":1,"minecraft:iron_chestplate":1},"minecraft:picked_up":{"minecraft:crafting_table":1,"minecraft:oak_log":8,"minecraft:oak_sapling":1,"minecraft:damaged_anvil":1,"minecraft:light_blue_bed":1,"minecraft:furnace":1,"minecraft:sunflower":1},"minecraft:custom":{"minecraft:time_since_rest":4755,"minecraft:open_chest":3,"minecraft:crouch_one_cm":2241,"minecraft:play_time":13197,"minecraft:sprint_one_cm":13328,"minecraft:damage_taken":10,"minecraft:walk_one_cm":22142,"minecraft:sneak_time":770,"minecraft:drop":2,"minecraft:jump":98,"minecraft:time_since_death":13197,"minecraft:sleep_in_bed":1,"minecraft:total_world_time":13197,"minecraft:interact_with_crafting_table":2,"minecraft:fall_one_cm":1672,"minecraft:fly_one_cm":23333},"minecraft:used":{"minecraft:iron_chestplate":1,"minecraft:crafting_table":1,"minecraft:sunflower":1,"minecraft:oak_sapling":1,"minecraft:iron_pickaxe":2,"alexsmobs:animal_dictionary":4}},"DataVersion":3465}