{"stats":{"minecraft:killed":{"minecraft:cave_spider":11,"undead_revamp2:thegliter":1,"minecraft:spider":2,"born_in_chaos_v1:maggot":3,"minecraft:bee":1,"minecraft:drowned":1,"enemyexpansion:vampflyer":1,"earthmobsmod:bouldering_zombie":1,"born_in_chaos_v1:diamond_termite":5,"undead_revamp2:the_moonflower":1,"mutantmonsters:mutant_skeleton":1,"minecraft:creeper":2,"born_in_chaos_v1:decrepit_skeleton":2,"luminousworld:savannah_skeleton":4,"undead_revamp2:thesomnolence":1,"minecraft:zombie":8,"enemyexpansion:botfly":5,"born_in_chaos_v1:door_knight":1,"minecraft:cow":2},"minecraft:killed_by":{"mutantmonsters:mutant_skeleton":2,"enemyexpansion:invisicreeper":1},"minecraft:mined":{"minecraft:tuff":17,"iceandfire:silver_ore":2,"born_in_chaos_v1:infected_diamond_ore":4,"minecraft:obsidian":19,"minecraft:granite":29,"minecraft:acacia_log":19,"born_in_chaos_v1:black_argillite":6,"minecraft:redstone_wire":1,"quark:acacia_chest":3,"luminousworld:savanna_grass_2":1,"minecraft:hay_block":47,"minecraft:furnace":1,"minecraft:iron_ore":32,"minecraft:sticky_piston":2,"minecraft:cobbled_deepslate":36,"minecraft:deepslate_lapis_ore":14,"minecraft:bookshelf":40,"minecraft:deepslate_iron_ore":8,"minecraft:rail":1,"minecraft:stone":869,"minecraft:orange_bed":5,"minecraft:cake":1,"luminousworld:savannah_soil":64,"minecraft:deepslate_redstone_ore":2,"minecraft:acacia_leaves":10,"minecraft:crafting_table":5,"minecraft:torch":6,"minecraft:emerald_ore":22,"minecraft:melon":14,"minecraft:chest":1,"minecraft:lectern":1,"minecraft:copper_ore":3,"minecraft:cobblestone":41,"friendsandfoes:acacia_beehive":1,"minecraft:deepslate_gold_ore":4,"minecraft:lapis_ore":3,"minecraft:oak_planks":1,"minecraft:damaged_anvil":1,"placeablesmod:bread_full_block":11,"minecraft:wall_torch":11,"minecraft:skeleton_skull":1,"supplementaries:urn":3,"minecraft:red_terracotta":7,"minecraft:light_blue_bed":4,"minecraft:cobblestone_wall":3,"minecraft:tnt":3,"minecraft:grass":8,"minecraft:coal_ore":48,"minecraft:oak_log":6,"luminousworld:ishstone":2,"minecraft:zombie_head":1,"minecraft:acacia_fence":1,"minecraft:sunflower":2,"minecraft:gravel":3,"minecraft:dirt":52,"minecraft:cobweb":60,"minecraft:cracked_stone_bricks":8,"minecraft:stone_bricks":5,"minecraft:acacia_planks":2,"minecraft:gold_ore":8,"luminousworld:elephant_grass":2,"luminousworld:savannah_grass_4":2,"minecraft:mossy_stone_bricks":3,"minecraft:acacia_wall_sign":1,"minecraft:deepslate":162,"luminousworld:savannah_ground":2},"minecraft:picked_up":{"minecraft:crafting_table":7,"born_in_chaos_v1:diamond_termite_shard":7,"minecraft:wheat":77,"minecraft:flower_pot":1,"minecraft:golden_pickaxe":1,"minecraft:lead":1,"alexscaves:cave_tablet":4,"minecraft:enchanted_book":2,"aether:leather_gloves":2,"born_in_chaos_v1:black_argillite":11,"iceandfire:manuscript":4,"minecraft:string":136,"minecraft:iron_axe":2,"minecraft:experience_bottle":3,"minecraft:sticky_piston":2,"minecraft:item_frame":7,"minecraft:iron_shovel":2,"minecraft:zombie_head":1,"minecraft:detector_rail":2,"minecraft:activator_rail":3,"minecraft:cracked_stone_bricks":6,"iceandfire:bestiary":1,"minecraft:tnt_minecart":2,"minecraft:cobbled_deepslate":210,"minecraft:beef":6,"minecraft:acacia_sign":1,"minecraft:written_book":1,"minecraft:iron_nugget":28,"minecraft:iron_pickaxe":1,"minecraft:lectern":1,"minecraft:melon_slice":60,"minecraft:chest":1,"minecraft:mangrove_log":2,"minecraft:iron_boots":1,"minecraft:furnace":2,"minecraft:raw_iron":57,"minecraft:acacia_fence":1,"minecraft:copper_ingot":14,"minecraft:torch":95,"minecraft:acacia_log":52,"luminousworld:savannah_soil":82,"luminousworld:beastiary":1,"tombstone:grave_dust":1,"minecraft:redstone":15,"minecraft:light_blue_bed":4,"minecraft:orange_bed":5,"minecraft:tnt":3,"minecraft:arrow":3,"minecraft:weeping_vines":2,"minecraft:rotten_flesh":31,"quark:acacia_chest":4,"minecraft:hay_block":47,"minecraft:gold_ingot":10,"supplementaries:ash":25,"minecraft:obsidian":17,"minecraft:skeleton_skull":1,"minecraft:rail":5,"minecraft:cobblestone":893,"born_in_chaos_v1:fused_bone":1,"born_in_chaos_v1:corpse_maggot":1,"luminousworld:savannah_ground":2,"minecraft:leather_chestplate":1,"minecraft:glow_ink_sac":1,"luminousworld:ishstone":5,"minecraft:leather":10,"minecraft:filled_map":1,"minecraft:flint":3,"alexscaves:cave_book":1,"minecraft:tuff":49,"minecraft:oak_log":8,"minecraft:yellow_bed":1,"minecraft:cobblestone_wall":3,"minecraft:gunpowder":6,"minecraft:lapis_lazuli":121,"minecraft:dirt":54,"minecraft:lantern":1,"minecraft:bone":2,"minecraft:acacia_planks":2,"minecraft:stone_bricks":9,"minecraft:bow":1,"minecraft:wheat_seeds":309,"minecraft:raw_gold":9,"minecraft:iron_ingot":15,"artifacts:whoopee_cushion":1,"luminousworld:elephant_grass":1,"friendsandfoes:acacia_beehive":1,"minecraft:mossy_stone_bricks":10,"minecraft:oak_planks":2,"minecraft:book":126,"earthmobsmod:harder_flesh":1,"minecraft:gravel":7,"minecraft:trapped_chest":2,"minecraft:red_terracotta":7,"minecraft:spider_eye":11,"minecraft:leather_helmet":1,"minecraft:bundle":2,"minecraft:diamond":2,"minecraft:writable_book":2,"minecraft:granite":27,"minecraft:painting":4,"minecraft:golden_apple":1,"minecraft:emerald":44,"minecraft:bread":13,"minecraft:oak_sapling":1,"minecraft:damaged_anvil":1,"minecraft:melon_seeds":4,"minecraft:coal":51,"iceandfire:raw_silver":3,"minecraft:sunflower":1},"minecraft:used":{"minecraft:writable_book":3,"minecraft:iron_shovel":99,"born_in_chaos_v1:black_argillite":1,"minecraft:iron_sword":144,"vanillaplustools:stone_hammer":76,"minecraft:orange_bed":5,"luminousworld:savannah_ground":1,"minecraft:torch":62,"minecraft:iron_chestplate":1,"minecraft:dirt":7,"minecraft:hopper":3,"minecraft:cobblestone_wall":3,"minecraft:tuff":7,"minecraft:granite":27,"minecraft:iron_axe":202,"minecraft:light_blue_bed":3,"luminousworld:elephant_grass":1,"minecraft:stone_bricks":5,"minecraft:item_frame":3,"luminousworld:savannah_soil":35,"minecraft:written_book":1,"minecraft:oak_sapling":1,"minecraft:furnace":4,"tombstone:gift":10,"minecraft:cooked_beef":2,"minecraft:cobbled_deepslate":163,"minecraft:cobbled_deepslate_wall":3,"minecraft:mossy_stone_bricks":9,"minecraft:cobblestone_stairs":17,"luminousworld:ishstone":2,"minecraft:cracked_stone_bricks":6,"minecraft:rail":1,"minecraft:crafting_table":9,"quark:acacia_chest":5,"alexscaves:cave_book":1,"minecraft:painting":2,"minecraft:flower_pot":1,"minecraft:diamond_pickaxe":167,"minecraft:apple":1,"minecraft:acacia_sign":4,"minecraft:zombie_head":1,"minecraft:sunflower":1,"minecraft:melon_slice":1,"minecraft:bread":75,"minecraft:iron_pickaxe":560,"minecraft:gravel":3,"minecraft:red_terracotta":6,"minecraft:cobblestone":388,"minecraft:cobbled_deepslate_slab":3,"minecraft:cobweb":12,"alexsmobs:animal_dictionary":4,"minecraft:yellow_bed":1,"minecraft:experience_bottle":5},"minecraft:dropped":{"minecraft:iron_ingot":1,"minecraft:bread":23,"minecraft:wheat_seeds":83,"minecraft:glow_ink_sac":1,"minecraft:golden_pickaxe":1,"minecraft:diamond":2,"minecraft:lantern":1,"artifacts:whoopee_cushion":1,"minecraft:mangrove_planks":8,"endrem:lost_eye":1,"minecraft:activator_rail":3,"minecraft:rail":4,"minecraft:flint":1,"sophisticatedbackpacks:gold_backpack":1,"minecraft:stick":7,"minecraft:dirt":34,"born_in_chaos_v1:black_argillite":5,"minecraft:torch":161,"luminousworld:savannah_ground":1,"minecraft:tnt_minecart":2,"minecraft:writable_book":1,"minecraft:iron_axe":1,"minecraft:iron_pickaxe":1,"sophisticatedbackpacks:crafting_upgrade":1,"minecraft:iron_shovel":1,"minecraft:paper":6,"minecraft:trapped_chest":1,"minecraft:redstone":4,"minecraft:gravel":1,"minecraft:detector_rail":2,"minecraft:cobbled_deepslate":10,"minecraft:tuff":16,"alexscaves:cave_tablet":4,"minecraft:rotten_flesh":26,"aether:leather_gloves":1,"minecraft:oak_planks":2,"earthmobsmod:harder_flesh":1,"minecraft:filled_map":1,"supplementaries:ash":16,"alexscaves:cave_book":1,"minecraft:skeleton_skull":1,"minecraft:bundle":2,"minecraft:diamond_pickaxe":1,"minecraft:iron_chestplate":1,"born_in_chaos_v1:corpse_maggot":1,"minecraft:mossy_stone_bricks":1,"minecraft:leather_boots":1,"minecraft:acacia_sapling":2,"minecraft:spider_eye":8,"minecraft:arrow":2,"minecraft:written_book":2,"luminousworld:beastiary":1},"minecraft:crafted":{"minecraft:oak_planks":32,"vanillaplustools:stone_hammer":1,"minecraft:furnace":3,"minecraft:cobblestone_stairs":4,"sophisticatedbackpacks:crafting_upgrade":2,"minecraft:hopper":3,"quark:acacia_chest":6,"minecraft:bow":1,"minecraft:iron_axe":3,"minecraft:stone_pickaxe":3,"minecraft:cobblestone_wall":6,"sophisticatedbackpacks:iron_backpack":2,"minecraft:wheat":144,"minecraft:cooked_beef":2,"sophisticatedbackpacks:backpack":2,"minecraft:crafting_table":6,"minecraft:iron_sword":1,"minecraft:cobbled_deepslate_wall":6,"sophisticatedbackpacks:gold_backpack":2,"minecraft:mangrove_planks":8,"sophisticatedbackpacks:upgrade_base":2,"minecraft:bread":73,"minecraft:air":0,"minecraft:diamond_pickaxe":1,"minecraft:acacia_sign":3,"minecraft:stick":52,"minecraft:iron_ingot":40,"minecraft:iron_pickaxe":4,"minecraft:acacia_planks":48,"minecraft:torch":132},"minecraft:custom":{"minecraft:mob_kills":57,"minecraft:interact_with_crafting_table":33,"minecraft:open_barrel":5,"minecraft:damage_dealt_resisted":208,"minecraft:leave_game":5,"minecraft:time_since_death":94323,"minecraft:climb_one_cm":19153,"minecraft:sprint_one_cm":450004,"minecraft:walk_one_cm":725130,"minecraft:drop":81,"minecraft:talked_to_villager":3,"minecraft:play_time":283223,"minecraft:sneak_time":54236,"minecraft:deaths":6,"minecraft:walk_under_water_one_cm":11156,"minecraft:jump":3782,"minecraft:walk_on_water_one_cm":18214,"minecraft:total_world_time":283223,"minecraft:interact_with_furnace":33,"minecraft:interact_with_loom":3,"minecraft:sleep_in_bed":13,"minecraft:time_since_rest":15206,"minecraft:damage_taken":4997,"tombstone:sneak_grave":7,"minecraft:damage_dealt":9858,"minecraft:swim_one_cm":4647,"minecraft:fly_one_cm":548530,"minecraft:open_chest":57,"minecraft:crouch_one_cm":159569,"tombstone:undead_killed":21,"minecraft:fall_one_cm":82457},"minecraft:broken":{"minecraft:iron_pickaxe":1}},"DataVersion":3465}