{"stats":{"minecraft:dropped":{"minecraft:wheat_seeds":15,"artifacts:whoopee_cushion":1,"minecraft:lantern":1,"aether:leather_gloves":1,"minecraft:torch":1,"minecraft:skeleton_skull":1,"minecraft:iron_chestplate":1,"luminousworld:savannah_ground":1,"minecraft:acacia_sapling":2,"minecraft:arrow":2,"minecraft:iron_axe":1,"minecraft:iron_pickaxe":1},"minecraft:crafted":{"minecraft:cooked_beef":2,"minecraft:oak_planks":32,"sophisticatedbackpacks:backpack":1,"minecraft:crafting_table":2,"minecraft:bread":50,"minecraft:air":0,"minecraft:iron_axe":1,"minecraft:stick":48,"minecraft:iron_pickaxe":2,"minecraft:acacia_planks":32,"minecraft:torch":40,"minecraft:wheat":144},"minecraft:killed":{"mutantmonsters:mutant_skeleton":1,"born_in_chaos_v1:maggot":1,"luminousworld:savannah_skeleton":2,"undead_revamp2:thesomnolence":1,"minecraft:zombie":4,"minecraft:bee":1,"enemyexpansion:vampflyer":1,"minecraft:cow":2},"minecraft:used":{"minecraft:torch":1,"minecraft:iron_chestplate":1,"minecraft:crafting_table":4,"quark:acacia_chest":1,"minecraft:granite":9,"minecraft:apple":1,"minecraft:sunflower":1,"minecraft:iron_axe":120,"minecraft:bread":20,"minecraft:iron_pickaxe":57,"minecraft:light_blue_bed":3,"luminousworld:elephant_grass":1,"minecraft:item_frame":3,"minecraft:cobblestone":14,"minecraft:furnace":1,"minecraft:oak_sapling":1,"alexsmobs:animal_dictionary":4,"tombstone:gift":4,"minecraft:experience_bottle":4,"minecraft:cobweb":12},"minecraft:picked_up":{"minecraft:crafting_table":4,"luminousworld:savannah_ground":1,"minecraft:wheat":9,"minecraft:leather":6,"minecraft:enchanted_book":2,"minecraft:oak_log":8,"minecraft:gunpowder":1,"iceandfire:manuscript":4,"minecraft:string":13,"minecraft:lantern":1,"minecraft:iron_axe":2,"minecraft:item_frame":3,"minecraft:experience_bottle":1,"minecraft:iron_shovel":1,"minecraft:zombie_head":1,"iceandfire:bestiary":1,"minecraft:wheat_seeds":17,"minecraft:iron_ingot":5,"minecraft:beef":6,"luminousworld:elephant_grass":1,"friendsandfoes:acacia_beehive":1,"minecraft:lectern":1,"minecraft:melon_slice":60,"minecraft:furnace":1,"minecraft:book":124,"minecraft:acacia_fence":1,"minecraft:torch":2,"minecraft:acacia_log":8,"minecraft:light_blue_bed":4,"minecraft:arrow":2,"minecraft:weeping_vines":2,"minecraft:rotten_flesh":4,"quark:acacia_chest":2,"minecraft:writable_book":1,"minecraft:hay_block":47,"minecraft:granite":9,"minecraft:painting":1,"minecraft:emerald":3,"minecraft:bread":3,"minecraft:gold_ingot":2,"supplementaries:ash":1,"minecraft:oak_sapling":1,"minecraft:damaged_anvil":1,"minecraft:skeleton_skull":1,"minecraft:cobblestone":44,"minecraft:sunflower":1},"minecraft:killed_by":{"mutantmonsters:mutant_skeleton":2,"enemyexpansion:invisicreeper":1},"minecraft:custom":{"minecraft:interact_with_furnace":5,"minecraft:mob_kills":14,"minecraft:interact_with_crafting_table":7,"minecraft:leave_game":1,"minecraft:time_since_death":2534,"minecraft:sleep_in_bed":5,"minecraft:time_since_rest":1784,"minecraft:sprint_one_cm":175811,"minecraft:damage_taken":1864,"minecraft:walk_one_cm":171209,"minecraft:drop":14,"minecraft:damage_dealt":2945,"minecraft:talked_to_villager":3,"minecraft:fly_one_cm":210494,"minecraft:open_chest":30,"minecraft:crouch_one_cm":20167,"minecraft:play_time":66388,"tombstone:undead_killed":8,"minecraft:deaths":4,"minecraft:sneak_time":6203,"minecraft:walk_under_water_one_cm":3830,"minecraft:jump":1104,"minecraft:walk_on_water_one_cm":7354,"minecraft:total_world_time":66388,"minecraft:fall_one_cm":28243},"minecraft:mined":{"minecraft:acacia_leaves":4,"minecraft:crafting_table":3,"minecraft:torch":1,"minecraft:granite":9,"minecraft:acacia_log":8,"minecraft:melon":14,"minecraft:lectern":1,"minecraft:cobblestone":2,"quark:acacia_chest":2,"friendsandfoes:acacia_beehive":1,"placeablesmod:bread_full_block":1,"minecraft:damaged_anvil":1,"minecraft:skeleton_skull":1,"minecraft:hay_block":47,"minecraft:light_blue_bed":4,"minecraft:furnace":1,"minecraft:grass":8,"minecraft:bookshelf":40,"minecraft:oak_log":6,"minecraft:zombie_head":1,"minecraft:acacia_fence":1,"minecraft:sunflower":2,"minecraft:stone":43,"luminousworld:elephant_grass":2,"luminousworld:savannah_grass_4":2,"minecraft:cake":1,"luminousworld:savannah_ground":1}},"DataVersion":3465}