{"stats":{"minecraft:dropped":{"minecraft:iron_sword":1,"minecraft:glow_ink_sac":1,"minecraft:golden_pickaxe":1,"minecraft:diamond":2,"minecraft:lantern":1,"minecraft:mangrove_planks":8,"minecraft:rail":4,"minecraft:flint":1,"sophisticatedbackpacks:gold_backpack":1,"minecraft:cobblestone_stairs":3,"minecraft:dirt":34,"minecraft:tnt_minecart":2,"minecraft:writable_book":1,"minecraft:iron_pickaxe":3,"minecraft:gravel":7,"minecraft:detector_rail":2,"minecraft:cobbled_deepslate":32,"alexscaves:cave_tablet":4,"undead_revamp2:arapholia":1,"minecraft:rotten_flesh":73,"aether:leather_gloves":1,"luminousworld:tall_deadbush":1,"minecraft:oak_planks":2,"minecraft:blaze_powder":5,"minecraft:leather_chestplate":1,"supplementaries:ash":16,"alexscaves:cave_book":1,"minecraft:skeleton_skull":1,"born_in_chaos_v1:corpse_maggot":6,"minecraft:leather_boots":1,"minecraft:acacia_sapling":2,"minecraft:arrow":2,"minecraft:written_book":2,"luminousworld:beastiary":1,"minecraft:bread":44,"minecraft:iron_ingot":21,"minecraft:wheat_seeds":83,"artifacts:whoopee_cushion":1,"endrem:lost_eye":1,"minecraft:activator_rail":3,"minecraft:acacia_log":28,"minecraft:coal":19,"minecraft:stick":17,"born_in_chaos_v1:black_argillite":5,"minecraft:torch":168,"luminousworld:savannah_ground":1,"tombstone:grave_dust":1,"minecraft:iron_leggings":1,"minecraft:iron_axe":1,"sophisticatedbackpacks:crafting_upgrade":1,"minecraft:chainmail_leggings":1,"minecraft:iron_shovel":1,"minecraft:paper":6,"minecraft:trapped_chest":1,"minecraft:redstone":4,"minecraft:tuff":16,"earthmobsmod:harder_flesh":1,"minecraft:diamond_sword":2,"minecraft:filled_map":1,"minecraft:potato":4,"minecraft:bundle":5,"minecraft:iron_chestplate":1,"minecraft:diamond_pickaxe":1,"minecraft:mossy_stone_bricks":1,"minecraft:spider_eye":9,"luminousworld:elephant_grass":1},"minecraft:broken":{"minecraft:iron_sword":2,"aether:iron_gloves":1,"minecraft:iron_axe":1,"minecraft:iron_pickaxe":1},"minecraft:killed":{"minecraft:cave_spider":22,"minecraft:spider":2,"born_in_chaos_v1:scarlet_persecutor":3,"minecraft:skeleton":5,"minecraft:bee":1,"enemyexpansion:vampflyer":1,"born_in_chaos_v1:diamond_termite":5,"mutantmonsters:mutant_skeleton":1,"minecraft:creeper":2,"luminousworld:savannah_skeleton":12,"minecraft:zombie":88,"born_in_chaos_v1:corpse_fly":8,"enemyexpansion:botfly":38,"born_in_chaos_v1:door_knight":1,"minecraft:cow":2,"undead_revamp2:thegliter":1,"born_in_chaos_v1:maggot":16,"minecraft:drowned":2,"luminousworld:savannah_zombie":3,"born_in_chaos_v1:fallen_chaos_knight":1,"earthmobsmod:bouldering_zombie":1,"undead_revamp2:the_moonflower":4,"born_in_chaos_v1:decrepit_skeleton":2,"undead_revamp2:thesomnolence":1},"minecraft:crafted":{"minecraft:oak_planks":48,"minecraft:cobblestone_stairs":4,"sophisticatedbackpacks:crafting_upgrade":2,"minecraft:hopper":3,"minecraft:bow":2,"sophisticatedbackpacks:backpack":2,"minecraft:crafting_table":6,"minecraft:baked_potato":5,"minecraft:cobbled_deepslate_wall":6,"sophisticatedbackpacks:upgrade_base":2,"minecraft:diamond_pickaxe":1,"minecraft:iron_ingot":73,"minecraft:stick":56,"minecraft:iron_pickaxe":4,"vanillaplustools:stone_hammer":1,"minecraft:furnace":3,"iceandfire:armor_copper_metal_leggings":1,"iceandfire:armor_copper_metal_helmet":1,"minecraft:flint_and_steel":1,"quark:acacia_chest":6,"minecraft:iron_axe":3,"minecraft:stone_pickaxe":3,"minecraft:cobblestone_wall":6,"minecraft:wheat":144,"sophisticatedbackpacks:iron_backpack":2,"minecraft:cooked_beef":5,"minecraft:iron_trapdoor":3,"minecraft:iron_sword":3,"sophisticatedbackpacks:gold_backpack":2,"minecraft:mangrove_planks":8,"minecraft:bucket":1,"minecraft:bread":80,"minecraft:air":0,"minecraft:acacia_sign":3,"minecraft:acacia_planks":48,"minecraft:torch":180},"minecraft:custom":{"minecraft:animals_bred":2,"minecraft:interact_with_crafting_table":33,"minecraft:open_barrel":7,"minecraft:leave_game":11,"minecraft:time_since_death":68108,"minecraft:sprint_one_cm":880082,"minecraft:drop":128,"minecraft:talked_to_villager":3,"minecraft:play_time":471279,"minecraft:deaths":7,"minecraft:jump":6015,"minecraft:walk_on_water_one_cm":50005,"minecraft:interact_with_furnace":45,"minecraft:interact_with_loom":4,"minecraft:sleep_in_bed":18,"tombstone:sneak_grave":7,"minecraft:damage_dealt":39903,"minecraft:player_kills":1,"minecraft:crouch_one_cm":244185,"tombstone:undead_killed":122,"minecraft:mob_kills":227,"minecraft:damage_dealt_resisted":314,"minecraft:climb_one_cm":21937,"minecraft:walk_one_cm":1470147,"minecraft:damage_dealt_absorbed":119,"minecraft:sneak_time":81394,"minecraft:walk_under_water_one_cm":18043,"minecraft:total_world_time":471279,"minecraft:time_since_rest":13799,"minecraft:damage_absorbed":71,"minecraft:damage_taken":13927,"minecraft:trigger_trapped_chest":2,"tombstone:cast_on_ally":2,"minecraft:swim_one_cm":7006,"minecraft:fly_one_cm":917504,"minecraft:open_chest":226,"minecraft:fall_one_cm":147981},"minecraft:picked_up":{"minecraft:iron_chestplate":2,"minecraft:wheat":150,"minecraft:chainmail_boots":2,"minecraft:flower_pot":4,"minecraft:smithing_table":1,"minecraft:lead":2,"minecraft:diamond_sword":2,"alexscaves:cave_tablet":4,"minecraft:enchanted_book":4,"minecraft:brewing_stand":1,"born_in_chaos_v1:black_argillite":11,"iceandfire:manuscript":4,"minecraft:string":162,"minecraft:raw_copper":8,"minecraft:smooth_stone_slab":3,"minecraft:iron_leggings":1,"minecraft:sticky_piston":3,"minecraft:experience_bottle":4,"minecraft:zombie_head":2,"minecraft:activator_rail":3,"minecraft:gold_nugget":12,"minecraft:cobbled_deepslate":216,"minecraft:tnt_minecart":2,"minecraft:smooth_stone":1,"minecraft:bucket":2,"minecraft:acacia_sign":1,"minecraft:acacia_fence_gate":7,"minecraft:written_book":1,"minecraft:iron_pickaxe":6,"minecraft:melon_slice":91,"minecraft:furnace":2,"minecraft:mangrove_log":2,"minecraft:iron_boots":1,"minecraft:acacia_fence":8,"minecraft:torch":140,"minecraft:acacia_log":52,"minecraft:spruce_stairs":6,"luminousworld:savannah_soil":82,"minecraft:golden_axe":1,"tombstone:grave_dust":20,"minecraft:brown_carpet":1,"minecraft:orange_bed":5,"minecraft:rotten_flesh":176,"minecraft:red_tulip":1,"minecraft:cyan_terracotta":1,"luminousworld:tall_deadbush":1,"supplementaries:ash":29,"minecraft:leather_horse_armor":1,"minecraft:obsidian":17,"undead_revamp2:arapholia":1,"minecraft:blaze_powder":5,"minecraft:cobblestone":1020,"luminousworld:savannah_ground":3,"minecraft:leather_chestplate":2,"minecraft:andesite":3,"minecraft:orange_carpet":8,"minecraft:potato":1,"alexscaves:cave_book":1,"minecraft:flint":3,"minecraft:tuff":50,"minecraft:magenta_bed":1,"minecraft:map":1,"minecraft:lapis_lazuli":121,"minecraft:dirt":62,"minecraft:lantern":2,"minecraft:bone":11,"minecraft:acacia_planks":2,"minecraft:bow":1,"minecraft:wheat_seeds":490,"minecraft:raw_gold":9,"luminousworld:elephant_grass":3,"minecraft:mossy_stone_bricks":11,"minecraft:rabbit":1,"minecraft:oak_planks":8,"earthmobsmod:harder_flesh":1,"sophisticatedbackpacks:iron_backpack":1,"minecraft:trapped_chest":3,"minecraft:red_terracotta":7,"minecraft:mossy_cobblestone":9,"minecraft:bundle":8,"minecraft:diamond":2,"minecraft:writable_book":2,"minecraft:granite":27,"minecraft:emerald":44,"minecraft:golden_apple":2,"minecraft:chainmail_helmet":1,"minecraft:spruce_sign":4,"minecraft:bread":46,"minecraft:oak_sapling":1,"minecraft:diamond_pickaxe":1,"iceandfire:raw_silver":3,"minecraft:charcoal":2,"sophisticatedbackpacks:gold_backpack":1,"minecraft:coarse_dirt":1,"minecraft:crafting_table":7,"born_in_chaos_v1:diamond_termite_shard":7,"minecraft:golden_pickaxe":2,"aether:leather_gloves":2,"minecraft:iron_axe":6,"minecraft:item_frame":44,"minecraft:white_carpet":8,"minecraft:iron_shovel":2,"minecraft:cracked_stone_bricks":9,"iceandfire:bestiary":1,"minecraft:detector_rail":2,"minecraft:beef":6,"minecraft:iron_nugget":28,"minecraft:lectern":1,"minecraft:chest":1,"minecraft:phantom_membrane":1,"minecraft:raw_iron":62,"minecraft:copper_ingot":21,"luminousworld:beastiary":1,"born_in_chaos_v1:pieceofdarkmetal":4,"minecraft:carrot":4,"minecraft:redstone":15,"minecraft:light_blue_bed":4,"minecraft:purple_candle":1,"minecraft:tnt":3,"minecraft:weeping_vines":2,"minecraft:arrow":8,"quark:acacia_chest":4,"minecraft:hay_block":99,"minecraft:yellow_terracotta":8,"minecraft:gold_ingot":14,"minecraft:rail":6,"minecraft:skeleton_skull":3,"born_in_chaos_v1:fused_bone":1,"born_in_chaos_v1:corpse_maggot":15,"minecraft:glow_ink_sac":1,"luminousworld:ishstone":13,"minecraft:leather":13,"minecraft:filled_map":1,"minecraft:oak_log":12,"minecraft:gunpowder":13,"minecraft:golden_boots":1,"minecraft:yellow_bed":1,"minecraft:cobblestone_wall":3,"minecraft:cooked_mutton":1,"minecraft:stone_bricks":11,"artifacts:whoopee_cushion":1,"minecraft:iron_ingot":20,"friendsandfoes:acacia_beehive":1,"minecraft:soul_sand":55,"minecraft:iron_sword":6,"minecraft:book":133,"minecraft:scaffolding":6,"minecraft:polished_andesite_stairs":4,"born_in_chaos_v1:ethereal_spirit":1,"minecraft:gravel":11,"minecraft:blast_furnace":1,"minecraft:spider_eye":12,"minecraft:leather_helmet":1,"minecraft:chainmail_leggings":2,"minecraft:iron_helmet":1,"minecraft:painting":6,"minecraft:mossy_cobblestone_stairs":1,"minecraft:brown_banner":2,"tombstone:magic_scroll":2,"minecraft:damaged_anvil":1,"minecraft:melon_seeds":22,"minecraft:coal":56,"minecraft:sunflower":1},"minecraft:mined":{"minecraft:brewing_stand":1,"minecraft:obsidian":19,"placeablesmod:melon_block_1":5,"minecraft:granite":29,"minecraft:acacia_log":19,"placeablesmod:carrot_block_1":2,"luminousworld:savanna_grass_2":4,"minecraft:smooth_stone":1,"minecraft:mossy_cobblestone_stairs":1,"minecraft:cobbled_deepslate":36,"minecraft:iron_ore":34,"minecraft:sticky_piston":2,"minecraft:fire":3,"minecraft:deepslate_lapis_ore":14,"minecraft:orange_bed":5,"minecraft:deepslate_redstone_ore":2,"minecraft:cyan_terracotta":1,"luminousworld:tall_deadbush":1,"minecraft:melon_stem":8,"minecraft:torch":7,"minecraft:blast_furnace":1,"minecraft:melon":20,"minecraft:polished_andesite_stairs":4,"minecraft:chest":1,"minecraft:spruce_wall_sign":1,"minecraft:cobblestone":126,"minecraft:oak_planks":1,"minecraft:damaged_anvil":1,"placeablesmod:bread_full_block":15,"minecraft:wall_torch":13,"minecraft:skeleton_skull":2,"minecraft:seagrass":1,"placeablesmod:gold_apple_block":1,"minecraft:wheat":56,"minecraft:magenta_bed":1,"minecraft:tnt":3,"minecraft:smooth_stone_slab":2,"minecraft:grass":8,"minecraft:oak_log":10,"minecraft:acacia_fence":9,"minecraft:dirt":52,"luminousworld:savannah_grass_4":8,"minecraft:oak_leaves":9,"minecraft:deepslate":162,"luminousworld:savannah_ground":2,"minecraft:yellow_terracotta":4,"minecraft:tuff":18,"iceandfire:silver_ore":2,"minecraft:mossy_cobblestone":10,"minecraft:purple_candle":1,"born_in_chaos_v1:infected_diamond_ore":4,"placeablesmod:wheat_block_1":3,"born_in_chaos_v1:black_argillite":6,"minecraft:redstone_wire":1,"quark:acacia_chest":3,"minecraft:hay_block":99,"minecraft:furnace":1,"minecraft:andesite":3,"minecraft:bookshelf":40,"minecraft:deepslate_iron_ore":8,"minecraft:vine":3,"minecraft:rail":1,"minecraft:stone":919,"minecraft:cake":1,"luminousworld:savannah_soil":64,"minecraft:acacia_leaves":10,"minecraft:scaffolding":6,"minecraft:brown_carpet":1,"minecraft:crafting_table":5,"luminousworld:savannah_grass_1":6,"minecraft:emerald_ore":22,"minecraft:lectern":1,"minecraft:copper_ore":6,"friendsandfoes:acacia_beehive":1,"minecraft:lapis_ore":3,"minecraft:deepslate_gold_ore":4,"minecraft:orange_carpet":5,"supplementaries:urn":7,"minecraft:spruce_stairs":6,"minecraft:red_terracotta":7,"minecraft:light_blue_bed":4,"minecraft:cobblestone_wall":3,"minecraft:acacia_fence_gate":8,"minecraft:white_carpet":2,"minecraft:coal_ore":48,"luminousworld:ishstone":10,"minecraft:flower_pot":2,"minecraft:zombie_head":2,"minecraft:sunflower":2,"minecraft:gravel":6,"minecraft:cobweb":78,"minecraft:cracked_stone_bricks":8,"minecraft:acacia_planks":2,"minecraft:stone_bricks":5,"luminousworld:elephant_grass":5,"minecraft:mossy_stone_bricks":3,"minecraft:gold_ore":8,"minecraft:acacia_wall_sign":1},"minecraft:killed_by":{"enemyexpansion:invisicreeper":1,"mutantmonsters:mutant_skeleton":2},"minecraft:used":{"minecraft:writable_book":3,"minecraft:purple_candle":1,"minecraft:iron_shovel":100,"minecraft:iron_sword":492,"luminousworld:savannah_ground":1,"minecraft:iron_chestplate":1,"minecraft:carrot":8,"minecraft:tuff":13,"minecraft:lantern":1,"minecraft:light_blue_bed":3,"luminousworld:elephant_grass":1,"minecraft:stone_bricks":5,"minecraft:item_frame":44,"minecraft:written_book":1,"minecraft:oak_sapling":1,"minecraft:furnace":4,"minecraft:acacia_fence":2,"minecraft:skeleton_skull":1,"minecraft:potato":4,"minecraft:mossy_stone_bricks":9,"minecraft:damaged_anvil":1,"minecraft:oak_planks":5,"minecraft:diamond_axe":56,"minecraft:golden_apple":2,"minecraft:yellow_terracotta":8,"alexscaves:cave_book":1,"minecraft:zombie_head":1,"minecraft:melon_slice":61,"minecraft:bread":211,"minecraft:gravel":4,"minecraft:red_terracotta":6,"minecraft:diamond_sword":139,"minecraft:coarse_dirt":1,"minecraft:cobweb":12,"minecraft:experience_bottle":5,"minecraft:flint_and_steel":2,"born_in_chaos_v1:black_argillite":1,"vanillaplustools:stone_hammer":76,"minecraft:orange_bed":5,"minecraft:torch":126,"minecraft:dirt":7,"minecraft:brewing_stand":1,"minecraft:white_carpet":1,"minecraft:hopper":3,"minecraft:cobblestone_wall":3,"minecraft:granite":27,"minecraft:mossy_cobblestone_stairs":1,"minecraft:iron_axe":404,"luminousworld:savannah_soil":36,"minecraft:iron_trapdoor":3,"iceandfire:armor_copper_metal_helmet":1,"tombstone:gift":14,"minecraft:cooked_beef":5,"minecraft:cobbled_deepslate":169,"minecraft:cobbled_deepslate_wall":3,"minecraft:wheat_seeds":56,"minecraft:cooked_mutton":1,"minecraft:water_bucket":2,"minecraft:cobblestone_stairs":17,"minecraft:bundle":1,"minecraft:baked_potato":5,"luminousworld:ishstone":5,"minecraft:cracked_stone_bricks":6,"minecraft:mossy_cobblestone":6,"minecraft:rail":1,"minecraft:crafting_table":9,"quark:acacia_chest":5,"minecraft:painting":3,"tombstone:bag_of_seeds":1,"minecraft:flower_pot":3,"minecraft:diamond_pickaxe":167,"minecraft:apple":11,"minecraft:acacia_sign":4,"minecraft:sunflower":1,"minecraft:iron_pickaxe":742,"minecraft:cobblestone":450,"minecraft:cobbled_deepslate_slab":3,"minecraft:bucket":2,"minecraft:yellow_bed":1,"alexsmobs:animal_dictionary":4}},"DataVersion":3465}