{"stats":{"minecraft:dropped":{"minecraft:glow_ink_sac":1,"minecraft:golden_pickaxe":1,"minecraft:diamond":2,"minecraft:lantern":1,"minecraft:mangrove_planks":8,"minecraft:rail":4,"sophisticatedbackpacks:gold_backpack":1,"minecraft:cobblestone_stairs":3,"minecraft:flint":1,"minecraft:dirt":34,"minecraft:tnt_minecart":2,"minecraft:writable_book":1,"minecraft:iron_pickaxe":1,"minecraft:gravel":4,"minecraft:detector_rail":2,"minecraft:cobbled_deepslate":32,"alexscaves:cave_tablet":4,"undead_revamp2:arapholia":1,"minecraft:rotten_flesh":29,"minecraft:oak_planks":2,"luminousworld:tall_deadbush":1,"aether:leather_gloves":1,"minecraft:blaze_powder":5,"supplementaries:ash":16,"alexscaves:cave_book":1,"minecraft:skeleton_skull":1,"born_in_chaos_v1:corpse_maggot":2,"minecraft:acacia_sapling":2,"minecraft:leather_boots":1,"minecraft:arrow":2,"minecraft:written_book":2,"luminousworld:beastiary":1,"minecraft:iron_ingot":1,"minecraft:bread":23,"minecraft:wheat_seeds":83,"artifacts:whoopee_cushion":1,"endrem:lost_eye":1,"minecraft:activator_rail":3,"minecraft:stick":7,"born_in_chaos_v1:black_argillite":5,"minecraft:torch":161,"luminousworld:savannah_ground":1,"minecraft:iron_axe":1,"sophisticatedbackpacks:crafting_upgrade":1,"minecraft:iron_shovel":1,"minecraft:paper":6,"minecraft:trapped_chest":1,"minecraft:redstone":4,"minecraft:tuff":16,"earthmobsmod:harder_flesh":1,"minecraft:filled_map":1,"minecraft:bundle":2,"minecraft:iron_chestplate":1,"minecraft:diamond_pickaxe":1,"minecraft:mossy_stone_bricks":1,"minecraft:spider_eye":9,"luminousworld:elephant_grass":1},"minecraft:broken":{"minecraft:iron_sword":1,"aether:iron_gloves":1,"minecraft:iron_pickaxe":1},"minecraft:killed":{"minecraft:cave_spider":18,"minecraft:spider":2,"minecraft:bee":1,"enemyexpansion:vampflyer":1,"born_in_chaos_v1:diamond_termite":5,"mutantmonsters:mutant_skeleton":1,"minecraft:creeper":2,"luminousworld:savannah_skeleton":5,"minecraft:zombie":10,"enemyexpansion:botfly":5,"born_in_chaos_v1:door_knight":1,"minecraft:cow":2,"undead_revamp2:thegliter":1,"born_in_chaos_v1:maggot":3,"minecraft:drowned":2,"earthmobsmod:bouldering_zombie":1,"undead_revamp2:the_moonflower":2,"born_in_chaos_v1:decrepit_skeleton":2,"undead_revamp2:thesomnolence":1},"minecraft:crafted":{"minecraft:oak_planks":32,"minecraft:cobblestone_stairs":4,"sophisticatedbackpacks:crafting_upgrade":2,"minecraft:hopper":3,"minecraft:bow":2,"sophisticatedbackpacks:backpack":2,"minecraft:crafting_table":6,"minecraft:cobbled_deepslate_wall":6,"sophisticatedbackpacks:upgrade_base":2,"minecraft:diamond_pickaxe":1,"minecraft:stick":52,"minecraft:iron_ingot":40,"minecraft:iron_pickaxe":4,"vanillaplustools:stone_hammer":1,"minecraft:furnace":3,"iceandfire:armor_copper_metal_leggings":1,"iceandfire:armor_copper_metal_helmet":1,"minecraft:flint_and_steel":1,"quark:acacia_chest":6,"minecraft:iron_axe":3,"minecraft:stone_pickaxe":3,"minecraft:cobblestone_wall":6,"minecraft:wheat":144,"sophisticatedbackpacks:iron_backpack":2,"minecraft:cooked_beef":2,"minecraft:iron_trapdoor":3,"minecraft:iron_sword":2,"sophisticatedbackpacks:gold_backpack":2,"minecraft:mangrove_planks":8,"minecraft:bucket":1,"minecraft:bread":73,"minecraft:air":0,"minecraft:acacia_sign":3,"minecraft:acacia_planks":48,"minecraft:torch":132},"minecraft:custom":{"minecraft:interact_with_crafting_table":33,"minecraft:open_barrel":5,"minecraft:leave_game":6,"minecraft:time_since_death":120332,"minecraft:sprint_one_cm":496450,"minecraft:drop":93,"minecraft:talked_to_villager":3,"minecraft:play_time":309232,"minecraft:deaths":6,"minecraft:jump":4055,"minecraft:walk_on_water_one_cm":34441,"minecraft:interact_with_furnace":33,"minecraft:interact_with_loom":3,"minecraft:sleep_in_bed":14,"tombstone:sneak_grave":7,"minecraft:damage_dealt":13496,"minecraft:crouch_one_cm":168342,"tombstone:undead_killed":26,"minecraft:mob_kills":69,"minecraft:damage_dealt_resisted":208,"minecraft:climb_one_cm":19153,"minecraft:walk_one_cm":821041,"minecraft:sneak_time":57486,"minecraft:walk_under_water_one_cm":11530,"minecraft:total_world_time":309232,"minecraft:time_since_rest":14948,"minecraft:damage_absorbed":40,"minecraft:damage_taken":7398,"minecraft:swim_one_cm":5438,"minecraft:fly_one_cm":601055,"minecraft:open_chest":66,"minecraft:fall_one_cm":95011},"minecraft:picked_up":{"minecraft:wheat":77,"minecraft:flower_pot":1,"minecraft:lead":1,"alexscaves:cave_tablet":4,"minecraft:enchanted_book":2,"born_in_chaos_v1:black_argillite":11,"iceandfire:manuscript":4,"minecraft:string":140,"minecraft:sticky_piston":2,"minecraft:zombie_head":1,"minecraft:experience_bottle":3,"minecraft:activator_rail":3,"minecraft:tnt_minecart":2,"minecraft:cobbled_deepslate":210,"minecraft:bucket":2,"minecraft:acacia_sign":1,"minecraft:written_book":1,"minecraft:iron_pickaxe":1,"minecraft:melon_slice":65,"minecraft:furnace":2,"minecraft:iron_boots":1,"minecraft:mangrove_log":2,"minecraft:acacia_fence":1,"minecraft:torch":101,"minecraft:acacia_log":52,"luminousworld:savannah_soil":82,"tombstone:grave_dust":3,"minecraft:orange_bed":5,"minecraft:rotten_flesh":36,"luminousworld:tall_deadbush":1,"supplementaries:ash":25,"minecraft:obsidian":17,"undead_revamp2:arapholia":1,"minecraft:blaze_powder":5,"minecraft:cobblestone":914,"minecraft:leather_chestplate":1,"luminousworld:savannah_ground":2,"alexscaves:cave_book":1,"minecraft:flint":3,"minecraft:tuff":49,"minecraft:lapis_lazuli":121,"minecraft:dirt":54,"minecraft:lantern":1,"minecraft:bone":2,"minecraft:acacia_planks":2,"minecraft:bow":1,"minecraft:wheat_seeds":309,"minecraft:raw_gold":9,"luminousworld:elephant_grass":2,"minecraft:mossy_stone_bricks":10,"minecraft:oak_planks":2,"earthmobsmod:harder_flesh":1,"minecraft:trapped_chest":2,"minecraft:red_terracotta":7,"minecraft:bundle":2,"minecraft:diamond":2,"minecraft:writable_book":2,"minecraft:granite":27,"minecraft:golden_apple":1,"minecraft:bread":16,"minecraft:emerald":44,"minecraft:oak_sapling":1,"iceandfire:raw_silver":3,"born_in_chaos_v1:diamond_termite_shard":7,"minecraft:crafting_table":7,"minecraft:golden_pickaxe":1,"aether:leather_gloves":2,"minecraft:iron_axe":2,"minecraft:item_frame":7,"minecraft:iron_shovel":2,"iceandfire:bestiary":1,"minecraft:cracked_stone_bricks":6,"minecraft:detector_rail":2,"minecraft:beef":6,"minecraft:iron_nugget":28,"minecraft:lectern":1,"minecraft:chest":1,"minecraft:raw_iron":57,"minecraft:copper_ingot":14,"luminousworld:beastiary":1,"minecraft:redstone":15,"minecraft:light_blue_bed":4,"minecraft:tnt":3,"minecraft:weeping_vines":2,"minecraft:arrow":4,"quark:acacia_chest":4,"minecraft:hay_block":47,"minecraft:gold_ingot":10,"minecraft:skeleton_skull":1,"minecraft:rail":5,"born_in_chaos_v1:fused_bone":1,"born_in_chaos_v1:corpse_maggot":2,"minecraft:glow_ink_sac":1,"luminousworld:ishstone":5,"minecraft:leather":10,"minecraft:filled_map":1,"minecraft:oak_log":8,"minecraft:gunpowder":6,"minecraft:yellow_bed":1,"minecraft:cobblestone_wall":3,"minecraft:stone_bricks":9,"artifacts:whoopee_cushion":1,"minecraft:iron_ingot":15,"friendsandfoes:acacia_beehive":1,"minecraft:book":126,"minecraft:gravel":7,"minecraft:spider_eye":12,"minecraft:leather_helmet":1,"minecraft:painting":4,"tombstone:magic_scroll":1,"minecraft:damaged_anvil":1,"minecraft:melon_seeds":4,"minecraft:coal":51,"minecraft:sunflower":1},"minecraft:mined":{"minecraft:obsidian":19,"placeablesmod:melon_block_1":5,"minecraft:granite":29,"minecraft:acacia_log":19,"luminousworld:savanna_grass_2":1,"minecraft:cobbled_deepslate":36,"minecraft:iron_ore":32,"minecraft:sticky_piston":2,"minecraft:fire":2,"minecraft:deepslate_lapis_ore":14,"minecraft:orange_bed":5,"minecraft:deepslate_redstone_ore":2,"luminousworld:tall_deadbush":1,"minecraft:torch":6,"minecraft:melon":14,"minecraft:chest":1,"minecraft:cobblestone":61,"minecraft:oak_planks":1,"minecraft:damaged_anvil":1,"placeablesmod:bread_full_block":14,"minecraft:wall_torch":11,"minecraft:skeleton_skull":1,"minecraft:seagrass":1,"minecraft:tnt":3,"minecraft:grass":8,"minecraft:oak_log":6,"minecraft:acacia_fence":1,"minecraft:dirt":52,"luminousworld:savannah_grass_4":4,"minecraft:deepslate":162,"luminousworld:savannah_ground":2,"minecraft:tuff":17,"iceandfire:silver_ore":2,"born_in_chaos_v1:infected_diamond_ore":4,"born_in_chaos_v1:black_argillite":6,"minecraft:redstone_wire":1,"quark:acacia_chest":3,"minecraft:hay_block":47,"minecraft:furnace":1,"minecraft:bookshelf":40,"minecraft:deepslate_iron_ore":8,"minecraft:rail":1,"minecraft:stone":869,"minecraft:cake":1,"luminousworld:savannah_soil":64,"minecraft:acacia_leaves":10,"minecraft:crafting_table":5,"luminousworld:savannah_grass_1":2,"minecraft:emerald_ore":22,"minecraft:lectern":1,"minecraft:copper_ore":3,"friendsandfoes:acacia_beehive":1,"minecraft:lapis_ore":3,"minecraft:deepslate_gold_ore":4,"supplementaries:urn":3,"minecraft:red_terracotta":7,"minecraft:light_blue_bed":4,"minecraft:cobblestone_wall":3,"minecraft:coal_ore":48,"luminousworld:ishstone":2,"minecraft:zombie_head":1,"minecraft:sunflower":2,"minecraft:gravel":3,"minecraft:cobweb":60,"minecraft:cracked_stone_bricks":8,"minecraft:acacia_planks":2,"minecraft:stone_bricks":5,"luminousworld:elephant_grass":5,"minecraft:mossy_stone_bricks":3,"minecraft:gold_ore":8,"minecraft:acacia_wall_sign":1},"minecraft:killed_by":{"enemyexpansion:invisicreeper":1,"mutantmonsters:mutant_skeleton":2},"minecraft:used":{"minecraft:writable_book":3,"minecraft:iron_shovel":99,"minecraft:iron_sword":222,"luminousworld:savannah_ground":1,"minecraft:iron_chestplate":1,"minecraft:tuff":8,"minecraft:light_blue_bed":3,"luminousworld:elephant_grass":1,"minecraft:stone_bricks":5,"minecraft:item_frame":3,"minecraft:written_book":1,"minecraft:furnace":4,"minecraft:oak_sapling":1,"minecraft:mossy_stone_bricks":9,"minecraft:golden_apple":1,"alexscaves:cave_book":1,"minecraft:zombie_head":1,"minecraft:bread":105,"minecraft:melon_slice":44,"minecraft:red_terracotta":6,"minecraft:gravel":3,"minecraft:experience_bottle":5,"minecraft:cobweb":12,"minecraft:flint_and_steel":2,"born_in_chaos_v1:black_argillite":1,"vanillaplustools:stone_hammer":76,"minecraft:orange_bed":5,"minecraft:torch":66,"minecraft:dirt":7,"minecraft:hopper":3,"minecraft:cobblestone_wall":3,"minecraft:granite":27,"minecraft:iron_axe":214,"luminousworld:savannah_soil":35,"minecraft:iron_trapdoor":3,"tombstone:gift":10,"minecraft:cooked_beef":2,"minecraft:cobbled_deepslate":169,"minecraft:cobbled_deepslate_wall":3,"minecraft:water_bucket":2,"minecraft:cobblestone_stairs":17,"luminousworld:ishstone":2,"minecraft:cracked_stone_bricks":6,"minecraft:rail":1,"minecraft:crafting_table":9,"quark:acacia_chest":5,"minecraft:painting":2,"minecraft:flower_pot":1,"minecraft:diamond_pickaxe":167,"minecraft:apple":1,"minecraft:acacia_sign":4,"minecraft:sunflower":1,"minecraft:iron_pickaxe":581,"minecraft:cobblestone":394,"minecraft:cobbled_deepslate_slab":3,"minecraft:bucket":2,"minecraft:yellow_bed":1,"alexsmobs:animal_dictionary":4}},"DataVersion":3465}