{"stats":{"minecraft:dropped":{"minecraft:iron_ingot":1,"minecraft:bread":23,"minecraft:wheat_seeds":83,"minecraft:glow_ink_sac":1,"minecraft:golden_pickaxe":1,"minecraft:diamond":2,"minecraft:lantern":1,"artifacts:whoopee_cushion":1,"minecraft:mangrove_planks":8,"endrem:lost_eye":1,"minecraft:stick":7,"minecraft:dirt":1,"minecraft:torch":161,"luminousworld:savannah_ground":1,"minecraft:tnt_minecart":2,"minecraft:writable_book":1,"minecraft:iron_axe":1,"minecraft:iron_pickaxe":1,"minecraft:paper":6,"minecraft:trapped_chest":1,"minecraft:gravel":1,"minecraft:cobbled_deepslate":10,"minecraft:rotten_flesh":25,"minecraft:oak_planks":2,"aether:leather_gloves":1,"earthmobsmod:harder_flesh":1,"minecraft:filled_map":1,"supplementaries:ash":7,"minecraft:bundle":1,"minecraft:skeleton_skull":1,"minecraft:iron_chestplate":1,"born_in_chaos_v1:corpse_maggot":1,"minecraft:mossy_stone_bricks":1,"minecraft:leather_boots":1,"minecraft:acacia_sapling":2,"minecraft:spider_eye":6,"minecraft:arrow":2,"minecraft:written_book":2,"luminousworld:beastiary":1},"minecraft:broken":{"minecraft:iron_pickaxe":1},"minecraft:killed":{"minecraft:cave_spider":11,"minecraft:spider":2,"born_in_chaos_v1:maggot":3,"minecraft:bee":1,"minecraft:drowned":1,"enemyexpansion:vampflyer":1,"earthmobsmod:bouldering_zombie":1,"born_in_chaos_v1:diamond_termite":1,"undead_revamp2:the_moonflower":1,"mutantmonsters:mutant_skeleton":1,"minecraft:creeper":2,"born_in_chaos_v1:decrepit_skeleton":2,"luminousworld:savannah_skeleton":3,"undead_revamp2:thesomnolence":1,"minecraft:zombie":8,"enemyexpansion:botfly":5,"born_in_chaos_v1:door_knight":1,"minecraft:cow":2},"minecraft:crafted":{"minecraft:oak_planks":32,"minecraft:bow":1,"minecraft:iron_axe":3,"minecraft:wheat":144,"minecraft:cooked_beef":2,"sophisticatedbackpacks:backpack":1,"minecraft:crafting_table":4,"minecraft:iron_sword":1,"minecraft:mangrove_planks":8,"minecraft:bread":73,"minecraft:air":0,"minecraft:stick":48,"minecraft:iron_ingot":1,"minecraft:iron_pickaxe":4,"minecraft:acacia_planks":32,"minecraft:torch":132},"minecraft:custom":{"minecraft:mob_kills":51,"minecraft:interact_with_crafting_table":23,"minecraft:open_barrel":5,"minecraft:damage_dealt_resisted":208,"minecraft:leave_game":1,"minecraft:time_since_death":99310,"minecraft:climb_one_cm":9119,"minecraft:sprint_one_cm":278727,"minecraft:walk_one_cm":432206,"minecraft:drop":60,"minecraft:talked_to_villager":3,"minecraft:play_time":163164,"minecraft:deaths":4,"minecraft:sneak_time":25766,"minecraft:walk_under_water_one_cm":6017,"minecraft:jump":2192,"minecraft:walk_on_water_one_cm":11991,"minecraft:total_world_time":163164,"minecraft:interact_with_furnace":5,"minecraft:interact_with_loom":1,"minecraft:sleep_in_bed":7,"minecraft:time_since_rest":69038,"minecraft:damage_taken":3724,"tombstone:sneak_grave":7,"minecraft:damage_dealt":8744,"minecraft:swim_one_cm":492,"minecraft:fly_one_cm":318940,"minecraft:open_chest":40,"minecraft:crouch_one_cm":88421,"tombstone:undead_killed":19,"minecraft:fall_one_cm":48281},"minecraft:picked_up":{"born_in_chaos_v1:diamond_termite_shard":1,"minecraft:crafting_table":6,"minecraft:wheat":77,"minecraft:flower_pot":1,"minecraft:golden_pickaxe":1,"minecraft:enchanted_book":2,"born_in_chaos_v1:black_argillite":1,"iceandfire:manuscript":4,"minecraft:string":134,"minecraft:iron_axe":2,"minecraft:experience_bottle":2,"minecraft:item_frame":3,"minecraft:iron_shovel":1,"minecraft:zombie_head":1,"iceandfire:bestiary":1,"minecraft:cracked_stone_bricks":6,"minecraft:tnt_minecart":2,"minecraft:cobbled_deepslate":21,"minecraft:beef":6,"minecraft:written_book":1,"minecraft:iron_nugget":28,"minecraft:lectern":1,"minecraft:melon_slice":60,"minecraft:mangrove_log":2,"minecraft:iron_boots":1,"minecraft:furnace":2,"minecraft:raw_iron":57,"minecraft:acacia_fence":1,"minecraft:torch":72,"minecraft:acacia_log":8,"luminousworld:beastiary":1,"minecraft:light_blue_bed":4,"minecraft:tnt":3,"minecraft:orange_bed":2,"minecraft:arrow":2,"minecraft:weeping_vines":2,"minecraft:rotten_flesh":30,"quark:acacia_chest":2,"minecraft:hay_block":47,"minecraft:gold_ingot":2,"supplementaries:ash":7,"minecraft:cobblestone":126,"minecraft:skeleton_skull":1,"born_in_chaos_v1:corpse_maggot":1,"luminousworld:savannah_ground":1,"minecraft:glow_ink_sac":1,"luminousworld:ishstone":1,"minecraft:leather":6,"minecraft:filled_map":1,"minecraft:tuff":2,"minecraft:oak_log":8,"minecraft:gunpowder":6,"minecraft:lapis_lazuli":100,"minecraft:dirt":2,"minecraft:lantern":1,"minecraft:bone":2,"minecraft:acacia_planks":2,"minecraft:stone_bricks":9,"minecraft:wheat_seeds":309,"minecraft:raw_gold":9,"artifacts:whoopee_cushion":1,"minecraft:iron_ingot":14,"luminousworld:elephant_grass":1,"friendsandfoes:acacia_beehive":1,"minecraft:mossy_stone_bricks":10,"minecraft:oak_planks":2,"minecraft:book":124,"earthmobsmod:harder_flesh":1,"minecraft:gravel":4,"minecraft:trapped_chest":1,"minecraft:spider_eye":9,"minecraft:bundle":1,"minecraft:diamond":2,"minecraft:writable_book":2,"minecraft:granite":10,"minecraft:painting":1,"minecraft:emerald":43,"minecraft:golden_apple":1,"minecraft:bread":7,"minecraft:oak_sapling":1,"minecraft:damaged_anvil":1,"iceandfire:raw_silver":1,"minecraft:coal":23,"minecraft:sunflower":1},"minecraft:mined":{"born_in_chaos_v1:infected_diamond_ore":1,"minecraft:granite":12,"minecraft:acacia_log":8,"born_in_chaos_v1:black_argillite":1,"quark:acacia_chest":2,"minecraft:hay_block":47,"minecraft:furnace":1,"minecraft:iron_ore":32,"minecraft:cobbled_deepslate":2,"minecraft:deepslate_lapis_ore":10,"minecraft:bookshelf":40,"minecraft:deepslate_iron_ore":6,"minecraft:stone":111,"minecraft:cake":1,"minecraft:orange_bed":2,"minecraft:acacia_leaves":4,"minecraft:crafting_table":4,"minecraft:torch":3,"minecraft:emerald_ore":22,"minecraft:melon":14,"minecraft:lectern":1,"minecraft:cobblestone":13,"friendsandfoes:acacia_beehive":1,"minecraft:lapis_ore":3,"minecraft:oak_planks":1,"minecraft:damaged_anvil":1,"placeablesmod:bread_full_block":5,"minecraft:wall_torch":1,"supplementaries:urn":3,"minecraft:skeleton_skull":1,"minecraft:light_blue_bed":4,"minecraft:tnt":3,"minecraft:grass":8,"minecraft:oak_log":6,"minecraft:coal_ore":16,"luminousworld:ishstone":1,"minecraft:acacia_fence":1,"minecraft:zombie_head":1,"minecraft:sunflower":2,"minecraft:cobweb":58,"minecraft:cracked_stone_bricks":8,"minecraft:acacia_planks":2,"minecraft:stone_bricks":5,"luminousworld:savannah_grass_4":2,"luminousworld:elephant_grass":2,"minecraft:mossy_stone_bricks":3,"minecraft:gold_ore":8,"minecraft:deepslate":15,"luminousworld:savannah_ground":1},"minecraft:killed_by":{"mutantmonsters:mutant_skeleton":2,"enemyexpansion:invisicreeper":1},"minecraft:used":{"minecraft:writable_book":3,"born_in_chaos_v1:black_argillite":1,"minecraft:iron_sword":120,"minecraft:orange_bed":1,"minecraft:iron_chestplate":1,"minecraft:torch":25,"minecraft:dirt":1,"minecraft:tuff":2,"minecraft:granite":10,"minecraft:iron_axe":176,"minecraft:light_blue_bed":3,"luminousworld:elephant_grass":1,"minecraft:stone_bricks":5,"minecraft:item_frame":3,"minecraft:written_book":1,"minecraft:oak_sapling":1,"minecraft:furnace":1,"tombstone:gift":8,"minecraft:cooked_beef":1,"minecraft:cobbled_deepslate":8,"minecraft:mossy_stone_bricks":9,"luminousworld:ishstone":1,"minecraft:cracked_stone_bricks":6,"minecraft:crafting_table":8,"quark:acacia_chest":1,"minecraft:flower_pot":1,"minecraft:apple":1,"minecraft:zombie_head":1,"minecraft:sunflower":1,"minecraft:bread":57,"minecraft:melon_slice":1,"minecraft:iron_pickaxe":275,"minecraft:gravel":3,"minecraft:cobblestone":69,"alexsmobs:animal_dictionary":4,"minecraft:cobweb":12,"minecraft:experience_bottle":5}},"DataVersion":3465}