{"stats":{"minecraft:killed":{"born_in_chaos_v1:maggot":2,"minecraft:bee":1,"enemyexpansion:vampflyer":1,"undead_revamp2:the_moonflower":1,"mutantmonsters:mutant_skeleton":1,"born_in_chaos_v1:decrepit_skeleton":2,"luminousworld:savannah_skeleton":2,"undead_revamp2:thesomnolence":1,"minecraft:zombie":7,"enemyexpansion:botfly":5,"minecraft:cow":2},"minecraft:killed_by":{"mutantmonsters:mutant_skeleton":2,"enemyexpansion:invisicreeper":1},"minecraft:mined":{"minecraft:granite":9,"minecraft:acacia_log":8,"quark:acacia_chest":2,"minecraft:hay_block":47,"minecraft:furnace":1,"minecraft:iron_ore":24,"minecraft:bookshelf":40,"minecraft:stone":65,"minecraft:cake":1,"minecraft:orange_bed":2,"minecraft:acacia_leaves":4,"minecraft:crafting_table":3,"minecraft:torch":1,"minecraft:melon":14,"minecraft:lectern":1,"minecraft:cobblestone":4,"friendsandfoes:acacia_beehive":1,"minecraft:lapis_ore":2,"minecraft:damaged_anvil":1,"placeablesmod:bread_full_block":4,"minecraft:wall_torch":1,"minecraft:skeleton_skull":1,"supplementaries:urn":1,"minecraft:light_blue_bed":4,"minecraft:grass":8,"minecraft:oak_log":6,"luminousworld:ishstone":1,"minecraft:acacia_fence":1,"minecraft:zombie_head":1,"minecraft:sunflower":2,"luminousworld:savannah_grass_4":2,"luminousworld:elephant_grass":2,"minecraft:gold_ore":8,"luminousworld:savannah_ground":1},"minecraft:picked_up":{"minecraft:crafting_table":5,"minecraft:wheat":9,"minecraft:flower_pot":1,"minecraft:golden_pickaxe":1,"minecraft:enchanted_book":2,"iceandfire:manuscript":4,"minecraft:string":13,"minecraft:iron_axe":2,"minecraft:zombie_head":1,"minecraft:iron_shovel":1,"minecraft:item_frame":3,"minecraft:experience_bottle":1,"iceandfire:bestiary":1,"minecraft:beef":6,"minecraft:iron_nugget":17,"minecraft:lectern":1,"minecraft:melon_slice":60,"minecraft:iron_boots":1,"minecraft:furnace":2,"minecraft:raw_iron":26,"minecraft:acacia_fence":1,"minecraft:torch":2,"minecraft:acacia_log":8,"minecraft:light_blue_bed":4,"minecraft:orange_bed":2,"minecraft:arrow":2,"minecraft:weeping_vines":2,"minecraft:rotten_flesh":5,"quark:acacia_chest":2,"minecraft:hay_block":47,"minecraft:gold_ingot":2,"supplementaries:ash":1,"minecraft:cobblestone":66,"minecraft:skeleton_skull":1,"born_in_chaos_v1:corpse_maggot":1,"luminousworld:savannah_ground":1,"luminousworld:ishstone":1,"minecraft:leather":6,"minecraft:oak_log":8,"minecraft:gunpowder":1,"minecraft:lapis_lazuli":16,"minecraft:dirt":2,"minecraft:lantern":1,"minecraft:bone":2,"minecraft:wheat_seeds":19,"minecraft:raw_gold":9,"minecraft:iron_ingot":5,"luminousworld:elephant_grass":1,"friendsandfoes:acacia_beehive":1,"minecraft:book":124,"minecraft:trapped_chest":1,"minecraft:bundle":1,"minecraft:writable_book":2,"minecraft:granite":9,"minecraft:painting":1,"minecraft:golden_apple":1,"minecraft:emerald":3,"minecraft:bread":6,"minecraft:oak_sapling":1,"minecraft:damaged_anvil":1,"minecraft:coal":7,"minecraft:sunflower":1},"minecraft:used":{"minecraft:writable_book":2,"minecraft:iron_chestplate":1,"minecraft:orange_bed":1,"minecraft:torch":10,"minecraft:dirt":1,"minecraft:granite":9,"minecraft:iron_axe":154,"minecraft:light_blue_bed":3,"luminousworld:elephant_grass":1,"minecraft:item_frame":3,"minecraft:oak_sapling":1,"minecraft:furnace":1,"tombstone:gift":6,"luminousworld:ishstone":1,"minecraft:crafting_table":5,"quark:acacia_chest":1,"minecraft:flower_pot":1,"minecraft:apple":1,"minecraft:sunflower":1,"minecraft:melon_slice":1,"minecraft:bread":28,"minecraft:iron_pickaxe":117,"minecraft:cobblestone":23,"alexsmobs:animal_dictionary":4,"minecraft:cobweb":12,"minecraft:experience_bottle":4},"minecraft:dropped":{"minecraft:wheat_seeds":19,"minecraft:golden_pickaxe":1,"minecraft:lantern":1,"artifacts:whoopee_cushion":1,"minecraft:dirt":1,"minecraft:torch":1,"luminousworld:savannah_ground":1,"minecraft:writable_book":1,"minecraft:iron_axe":1,"minecraft:iron_pickaxe":1,"minecraft:trapped_chest":1,"minecraft:rotten_flesh":5,"aether:leather_gloves":1,"supplementaries:ash":1,"minecraft:skeleton_skull":1,"minecraft:bundle":1,"minecraft:iron_chestplate":1,"born_in_chaos_v1:corpse_maggot":1,"minecraft:acacia_sapling":2,"minecraft:arrow":2},"minecraft:crafted":{"minecraft:oak_planks":32,"minecraft:iron_axe":1,"minecraft:wheat":144,"minecraft:cooked_beef":2,"sophisticatedbackpacks:backpack":1,"minecraft:crafting_table":3,"minecraft:bread":50,"minecraft:air":0,"minecraft:stick":48,"minecraft:iron_pickaxe":2,"minecraft:acacia_planks":32,"minecraft:torch":40},"minecraft:custom":{"minecraft:mob_kills":26,"minecraft:interact_with_crafting_table":8,"minecraft:open_barrel":1,"minecraft:leave_game":1,"minecraft:time_since_death":35249,"minecraft:sprint_one_cm":189854,"minecraft:walk_one_cm":232041,"minecraft:drop":26,"minecraft:talked_to_villager":3,"minecraft:play_time":99103,"minecraft:deaths":4,"minecraft:sneak_time":13449,"minecraft:walk_under_water_one_cm":3830,"minecraft:jump":1344,"minecraft:walk_on_water_one_cm":7354,"minecraft:total_world_time":99103,"minecraft:interact_with_furnace":5,"minecraft:sleep_in_bed":7,"minecraft:time_since_rest":4977,"minecraft:damage_taken":2345,"minecraft:damage_dealt":4812,"minecraft:fly_one_cm":226552,"minecraft:open_chest":30,"minecraft:crouch_one_cm":48359,"tombstone:undead_killed":14,"minecraft:fall_one_cm":33484}},"DataVersion":3465}