{"stats":{"minecraft:dropped":{"minecraft:iron_chestplate":1,"minecraft:iron_axe":1,"minecraft:iron_pickaxe":1},"minecraft:crafted":{"minecraft:oak_planks":24,"minecraft:iron_axe":1,"minecraft:crafting_table":1,"minecraft:stick":8,"minecraft:iron_pickaxe":2,"minecraft:bread":48,"minecraft:wheat":144},"minecraft:used":{"minecraft:sunflower":1,"minecraft:iron_axe":55,"minecraft:bread":6,"minecraft:iron_pickaxe":2,"minecraft:light_blue_bed":1,"minecraft:item_frame":2,"minecraft:iron_chestplate":1,"minecraft:crafting_table":3,"minecraft:oak_sapling":1,"alexsmobs:animal_dictionary":4},"minecraft:killed":{"luminousworld:savannah_skeleton":2},"minecraft:picked_up":{"minecraft:book":114,"minecraft:crafting_table":4,"minecraft:acacia_fence":1,"minecraft:torch":1,"minecraft:enchanted_book":2,"minecraft:oak_log":8,"minecraft:light_blue_bed":2,"minecraft:lantern":1,"minecraft:iron_axe":1,"minecraft:experience_bottle":1,"minecraft:item_frame":3,"minecraft:arrow":1,"quark:acacia_chest":1,"minecraft:writable_book":1,"minecraft:hay_block":25,"minecraft:iron_ingot":1,"minecraft:gold_ingot":1,"minecraft:melon_slice":60,"minecraft:lectern":1,"minecraft:oak_sapling":1,"minecraft:damaged_anvil":1,"minecraft:furnace":1,"minecraft:sunflower":1},"minecraft:custom":{"minecraft:time_since_rest":7001,"minecraft:sprint_one_cm":63961,"minecraft:damage_taken":308,"minecraft:walk_one_cm":76299,"minecraft:mob_kills":2,"minecraft:drop":3,"minecraft:damage_dealt":574,"minecraft:talked_to_villager":1,"minecraft:interact_with_crafting_table":4,"minecraft:fly_one_cm":82138,"minecraft:open_chest":8,"minecraft:play_time":28363,"minecraft:crouch_one_cm":7836,"tombstone:undead_killed":2,"minecraft:sneak_time":1934,"minecraft:walk_under_water_one_cm":110,"minecraft:jump":404,"minecraft:time_since_death":28363,"minecraft:walk_on_water_one_cm":4691,"minecraft:sleep_in_bed":2,"minecraft:total_world_time":28363,"minecraft:fall_one_cm":9562},"minecraft:mined":{"minecraft:hay_block":25,"minecraft:light_blue_bed":2,"minecraft:furnace":1,"minecraft:crafting_table":3,"minecraft:torch":1,"minecraft:grass":6,"minecraft:bookshelf":37,"minecraft:oak_log":6,"minecraft:melon":14,"minecraft:acacia_fence":1,"minecraft:sunflower":2,"minecraft:lectern":1,"quark:acacia_chest":1,"minecraft:damaged_anvil":1,"minecraft:cake":1}},"DataVersion":3465}