{"stats":{"minecraft:killed":{"minecraft:cave_spider":22,"minecraft:spider":2,"born_in_chaos_v1:scarlet_persecutor":3,"minecraft:skeleton":5,"minecraft:bee":1,"minecraft:silverfish":3,"undead_revamp2:thespitter":1,"enemyexpansion:vampflyer":1,"born_in_chaos_v1:diamond_termite":6,"mutantmonsters:mutant_skeleton":1,"minecraft:creeper":2,"luminousworld:savannah_skeleton":12,"minecraft:zombie":88,"born_in_chaos_v1:corpse_fly":10,"enemyexpansion:botfly":38,"born_in_chaos_v1:door_knight":1,"minecraft:cow":2,"undead_revamp2:thegliter":2,"enemyexpansion:direwolf":1,"born_in_chaos_v1:maggot":16,"minecraft:drowned":2,"luminousworld:savannah_zombie":3,"born_in_chaos_v1:fallen_chaos_knight":1,"earthmobsmod:bouldering_zombie":1,"undead_revamp2:the_moonflower":4,"enemyexpansion:sprinter":1,"born_in_chaos_v1:decrepit_skeleton":2,"undead_revamp2:thesomnolence":4,"born_in_chaos_v1:dark_vortex":1},"minecraft:killed_by":{"enemyexpansion:invisicreeper":1,"mutantmonsters:mutant_skeleton":2},"minecraft:mined":{"minecraft:cobblestone_stairs":2,"minecraft:brewing_stand":1,"minecraft:obsidian":19,"placeablesmod:melon_block_1":5,"minecraft:spruce_trapdoor":19,"minecraft:granite":29,"minecraft:acacia_log":26,"placeablesmod:carrot_block_1":2,"luminousworld:savanna_grass_2":4,"minecraft:smooth_stone":1,"minecraft:mossy_cobblestone_stairs":1,"minecraft:iron_ore":56,"minecraft:barrel":14,"minecraft:sticky_piston":2,"minecraft:cobbled_deepslate":36,"minecraft:fire":3,"minecraft:anvil":4,"minecraft:deepslate_lapis_ore":28,"minecraft:player_head":1,"minecraft:orange_bed":6,"minecraft:deepslate_redstone_ore":2,"minecraft:cyan_terracotta":1,"luminousworld:tall_deadbush":1,"minecraft:melon_stem":8,"minecraft:torch":8,"minecraft:blast_furnace":5,"minecraft:polished_andesite_stairs":4,"minecraft:melon":20,"minecraft:chest":1,"minecraft:spruce_wall_sign":1,"minecraft:cobblestone":135,"minecraft:oak_planks":29,"minecraft:damaged_anvil":4,"placeablesmod:bread_full_block":15,"minecraft:wall_torch":17,"minecraft:spruce_sign":1,"minecraft:skeleton_skull":2,"minecraft:seagrass":1,"placeablesmod:gold_apple_block":1,"minecraft:wheat":56,"minecraft:magenta_bed":2,"minecraft:tnt":3,"minecraft:smooth_stone_slab":2,"minecraft:grass":8,"minecraft:oak_log":46,"minecraft:acacia_fence":9,"minecraft:dirt":61,"luminousworld:savannah_grass_4":10,"minecraft:oak_leaves":9,"minecraft:deepslate":2353,"minecraft:yellow_terracotta":8,"luminousworld:savannah_ground":4,"alexscaves:spelunkery_table":2,"minecraft:tuff":370,"iceandfire:silver_ore":3,"minecraft:mossy_cobblestone":10,"minecraft:deepslate_diamond_ore":22,"minecraft:purple_candle":1,"born_in_chaos_v1:infected_diamond_ore":6,"minecraft:lever":1,"placeablesmod:wheat_block_1":3,"born_in_chaos_v1:black_argillite":6,"minecraft:brick_stairs":2,"minecraft:redstone_wire":4,"iceandfire:deepslate_silver_ore":4,"quark:acacia_chest":3,"minecraft:cartography_table":1,"minecraft:hay_block":103,"minecraft:furnace":5,"minecraft:andesite":3,"minecraft:bookshelf":41,"minecraft:deepslate_iron_ore":30,"minecraft:vine":4,"minecraft:rail":2,"minecraft:lantern":6,"minecraft:stripped_oak_log":6,"minecraft:stone":929,"minecraft:cake":1,"iceandfire:pixie_jar_empty":1,"minecraft:redstone_wall_torch":1,"luminousworld:savannah_soil":104,"minecraft:oak_slab":1,"minecraft:scaffolding":9,"minecraft:acacia_leaves":10,"minecraft:brown_carpet":2,"minecraft:crafting_table":10,"luminousworld:savannah_grass_1":7,"minecraft:emerald_ore":22,"minecraft:lectern":1,"minecraft:potted_oxeye_daisy":2,"minecraft:copper_ore":6,"friendsandfoes:acacia_beehive":1,"minecraft:lapis_ore":30,"minecraft:deepslate_gold_ore":18,"minecraft:diorite":5,"minecraft:orange_carpet":5,"minecraft:spruce_stairs":12,"supplementaries:urn":21,"minecraft:red_terracotta":45,"minecraft:light_blue_bed":4,"minecraft:cobblestone_wall":3,"minecraft:acacia_fence_gate":8,"minecraft:white_carpet":2,"minecraft:yellow_bed":2,"minecraft:coal_ore":53,"luminousworld:ishstone":10,"minecraft:flower_pot":2,"minecraft:zombie_head":3,"minecraft:sunflower":2,"minecraft:gravel":6,"minecraft:cobweb":85,"minecraft:cracked_stone_bricks":8,"minecraft:acacia_planks":2,"quark:crimson_chest":1,"minecraft:stone_bricks":5,"luminousworld:elephant_grass":5,"minecraft:mossy_stone_bricks":6,"minecraft:gold_ore":8,"minecraft:chipped_anvil":2,"minecraft:acacia_wall_sign":1},"minecraft:picked_up":{"minecraft:iron_chestplate":2,"minecraft:wheat":150,"minecraft:chainmail_boots":2,"minecraft:flower_pot":6,"minecraft:anvil":4,"minecraft:smithing_table":1,"minecraft:lead":2,"minecraft:diamond_sword":2,"alexscaves:cave_tablet":4,"minecraft:enchanted_book":4,"minecraft:infested_stone":20,"minecraft:brewing_stand":1,"born_in_chaos_v1:black_argillite":11,"iceandfire:manuscript":4,"minecraft:string":169,"minecraft:raw_copper":41,"minecraft:smooth_stone_slab":3,"minecraft:iron_leggings":1,"minecraft:armor_stand":1,"minecraft:sticky_piston":3,"minecraft:experience_bottle":4,"minecraft:zombie_head":3,"minecraft:smooth_stone":1,"minecraft:activator_rail":3,"minecraft:tnt_minecart":4,"minecraft:gold_nugget":12,"minecraft:cobbled_deepslate":3071,"minecraft:bucket":2,"minecraft:acacia_sign":1,"minecraft:acacia_fence_gate":7,"minecraft:redstone_torch":1,"minecraft:written_book":1,"minecraft:iron_pickaxe":7,"minecraft:melon_slice":91,"minecraft:mangrove_log":2,"minecraft:iron_boots":1,"minecraft:furnace":6,"minecraft:stick":26,"minecraft:acacia_fence":8,"minecraft:torch":183,"minecraft:acacia_log":61,"minecraft:spruce_stairs":12,"luminousworld:savannah_soil":112,"minecraft:golden_axe":1,"tombstone:grave_dust":20,"minecraft:diorite":15,"minecraft:brown_carpet":5,"minecraft:orange_bed":6,"minecraft:rotten_flesh":179,"supplementaries:antique_ink":3,"minecraft:red_tulip":1,"minecraft:cyan_terracotta":1,"supplementaries:ash":46,"luminousworld:tall_deadbush":1,"minecraft:leather_horse_armor":3,"minecraft:obsidian":17,"undead_revamp2:arapholia":1,"minecraft:blaze_powder":5,"minecraft:cobblestone":1060,"minecraft:enchanting_table":1,"luminousworld:savannah_ground":6,"minecraft:leather_chestplate":3,"minecraft:andesite":3,"minecraft:orange_carpet":8,"minecraft:potato":1,"minecraft:flint":3,"alexscaves:cave_book":1,"minecraft:tuff":554,"supplementaries:flax_seeds":5,"minecraft:magenta_bed":2,"minecraft:map":1,"minecraft:lapis_lazuli":419,"minecraft:dirt":68,"minecraft:lantern":10,"minecraft:leather_boots":1,"minecraft:bone":15,"minecraft:chipped_anvil":2,"minecraft:acacia_planks":2,"minecraft:bow":1,"minecraft:wheat_seeds":490,"minecraft:raw_gold":23,"luminousworld:elephant_grass":3,"minecraft:mossy_stone_bricks":12,"minecraft:rabbit":1,"minecraft:powered_rail":3,"minecraft:oak_planks":33,"earthmobsmod:harder_flesh":1,"sophisticatedbackpacks:iron_backpack":1,"minecraft:trapped_chest":3,"minecraft:red_terracotta":45,"minecraft:barrel":14,"minecraft:mossy_cobblestone":9,"minecraft:bundle":9,"minecraft:polished_andesite":1,"minecraft:diamond":42,"minecraft:lever":1,"minecraft:writable_book":2,"minecraft:granite":27,"minecraft:chainmail_helmet":1,"minecraft:golden_apple":2,"minecraft:spruce_sign":9,"minecraft:emerald":50,"minecraft:bread":58,"minecraft:oak_sapling":1,"iceandfire:raw_silver":6,"minecraft:diamond_pickaxe":1,"quark:crimson_chest":4,"minecraft:coarse_dirt":1,"minecraft:charcoal":2,"sophisticatedbackpacks:gold_backpack":1,"minecraft:crafting_table":15,"born_in_chaos_v1:diamond_termite_shard":8,"minecraft:chest_minecart":1,"minecraft:golden_pickaxe":2,"minecraft:leather_leggings":1,"aether:leather_gloves":2,"minecraft:iron_axe":6,"minecraft:item_frame":46,"minecraft:white_carpet":8,"minecraft:iron_shovel":2,"minecraft:cracked_stone_bricks":9,"iceandfire:bestiary":1,"minecraft:cartography_table":1,"minecraft:detector_rail":2,"minecraft:beef":6,"minecraft:player_head":1,"minecraft:iron_nugget":44,"minecraft:lectern":1,"minecraft:chest":1,"minecraft:spruce_trapdoor":19,"minecraft:phantom_membrane":1,"minecraft:raw_iron":118,"minecraft:copper_ingot":78,"luminousworld:beastiary":1,"born_in_chaos_v1:pieceofdarkmetal":4,"minecraft:carrot":4,"minecraft:redstone":19,"minecraft:light_blue_bed":4,"minecraft:tnt":3,"minecraft:purple_candle":1,"minecraft:arrow":9,"minecraft:weeping_vines":2,"quark:acacia_chest":4,"minecraft:hay_block":102,"alexscaves:spelunkery_table":2,"minecraft:yellow_terracotta":12,"minecraft:gold_ingot":14,"minecraft:brick_stairs":2,"minecraft:glow_berries":1,"minecraft:skeleton_skull":3,"minecraft:rail":20,"minecraft:oxeye_daisy":2,"born_in_chaos_v1:fused_bone":1,"minecraft:stripped_oak_log":6,"born_in_chaos_v1:corpse_maggot":17,"artifacts:eternal_steak":6,"minecraft:glow_ink_sac":1,"minecraft:salmon":10,"luminousworld:ishstone":16,"minecraft:leather":13,"minecraft:filled_map":2,"minecraft:oak_log":46,"minecraft:chainmail_chestplate":1,"minecraft:cobblestone_wall":3,"minecraft:golden_boots":1,"minecraft:yellow_bed":3,"minecraft:gunpowder":13,"minecraft:cobblestone_stairs":2,"minecraft:paper":18,"minecraft:cooked_mutton":1,"sophisticatedbackpacks:upgrade_base":3,"minecraft:stone_bricks":11,"iceandfire:pixie_jar_empty":1,"minecraft:iron_ingot":23,"artifacts:whoopee_cushion":1,"friendsandfoes:acacia_beehive":1,"minecraft:iron_sword":6,"minecraft:soul_sand":55,"minecraft:book":136,"minecraft:oak_slab":1,"minecraft:scaffolding":9,"minecraft:polished_andesite_stairs":5,"born_in_chaos_v1:ethereal_spirit":2,"minecraft:gravel":11,"born_in_chaos_v1:dark_rod":1,"minecraft:blast_furnace":4,"minecraft:spider_eye":12,"minecraft:leather_helmet":2,"minecraft:chainmail_leggings":2,"minecraft:iron_helmet":2,"vanillaplustools:stone_hammer":1,"minecraft:painting":11,"minecraft:mossy_cobblestone_stairs":1,"tombstone:magic_scroll":2,"minecraft:brown_banner":2,"minecraft:damaged_anvil":4,"minecraft:melon_seeds":22,"minecraft:coal":72,"minecraft:sunflower":1},"minecraft:used":{"minecraft:writable_book":3,"minecraft:purple_candle":1,"minecraft:iron_shovel":100,"minecraft:iron_sword":492,"luminousworld:savannah_ground":3,"minecraft:player_head":1,"minecraft:iron_chestplate":1,"minecraft:carrot":8,"minecraft:acacia_sapling":4,"minecraft:tuff":61,"minecraft:glass":1,"minecraft:lantern":9,"minecraft:polished_andesite_stairs":1,"minecraft:light_blue_bed":3,"luminousworld:elephant_grass":1,"minecraft:stone_bricks":5,"minecraft:item_frame":44,"minecraft:brown_carpet":4,"minecraft:written_book":1,"minecraft:oak_sapling":1,"minecraft:furnace":8,"minecraft:acacia_fence":2,"minecraft:skeleton_skull":1,"minecraft:potato":4,"iceandfire:pixie_jar_empty":1,"minecraft:mossy_stone_bricks":10,"minecraft:diorite":15,"minecraft:damaged_anvil":3,"minecraft:oak_planks":18,"artifacts:eternal_steak":6,"minecraft:diamond_axe":235,"minecraft:glow_berries":1,"minecraft:golden_apple":2,"minecraft:yellow_terracotta":8,"alexscaves:cave_book":1,"minecraft:blast_furnace":3,"minecraft:zombie_head":2,"minecraft:melon_slice":76,"minecraft:bread":237,"minecraft:red_terracotta":37,"minecraft:gravel":4,"minecraft:diamond_sword":146,"tombstone:familiar_stone":2,"minecraft:cooked_rabbit":1,"minecraft:cobweb":12,"minecraft:coarse_dirt":1,"minecraft:golden_pickaxe":18,"minecraft:experience_bottle":5,"minecraft:acacia_log":4,"minecraft:enchanting_table":1,"minecraft:flint_and_steel":2,"born_in_chaos_v1:black_argillite":1,"vanillaplustools:stone_hammer":338,"minecraft:orange_bed":6,"minecraft:torch":178,"minecraft:anvil":4,"minecraft:dirt":13,"minecraft:brewing_stand":1,"minecraft:white_carpet":1,"minecraft:hopper":3,"minecraft:spruce_stairs":4,"minecraft:cobblestone_wall":3,"minecraft:granite":27,"minecraft:mossy_cobblestone_stairs":1,"minecraft:chipped_anvil":2,"minecraft:bookshelf":18,"minecraft:iron_axe":404,"minecraft:acacia_slab":8,"minecraft:barrel":4,"luminousworld:savannah_soil":46,"minecraft:iron_trapdoor":3,"iceandfire:armor_copper_metal_helmet":1,"tombstone:gift":14,"minecraft:cooked_beef":5,"minecraft:cobbled_deepslate":237,"minecraft:cobbled_deepslate_wall":3,"minecraft:wheat_seeds":56,"minecraft:cooked_mutton":1,"minecraft:water_bucket":2,"minecraft:cobblestone_stairs":17,"minecraft:bundle":2,"minecraft:polished_andesite":1,"minecraft:baked_potato":5,"minecraft:spruce_sign":5,"luminousworld:ishstone":13,"minecraft:cracked_stone_bricks":6,"minecraft:mossy_cobblestone":6,"minecraft:rail":2,"quark:acacia_chest":5,"minecraft:crafting_table":13,"minecraft:oak_slab":1,"minecraft:magenta_bed":2,"supplementaries:bomb":3,"minecraft:painting":4,"tombstone:bag_of_seeds":1,"minecraft:flower_pot":3,"minecraft:diamond_pickaxe":217,"minecraft:apple":11,"minecraft:acacia_sign":4,"minecraft:sunflower":1,"minecraft:iron_pickaxe":1114,"minecraft:spruce_trapdoor":18,"minecraft:cobblestone":482,"minecraft:cobbled_deepslate_slab":3,"minecraft:bucket":2,"minecraft:yellow_bed":2,"alexsmobs:animal_dictionary":4},"minecraft:dropped":{"sophisticatedbackpacks:upgrade_base":3,"minecraft:iron_sword":1,"minecraft:glow_ink_sac":1,"minecraft:golden_pickaxe":1,"minecraft:diamond":2,"minecraft:crafting_table":3,"minecraft:lantern":1,"minecraft:mangrove_planks":8,"minecraft:cracked_stone_bricks":3,"minecraft:rail":18,"minecraft:flint":1,"sophisticatedbackpacks:gold_backpack":1,"minecraft:cobblestone_stairs":3,"minecraft:dirt":34,"minecraft:tnt_minecart":2,"minecraft:writable_book":1,"minecraft:iron_pickaxe":4,"minecraft:gravel":7,"minecraft:lever":1,"minecraft:detector_rail":2,"minecraft:cobbled_deepslate":157,"alexscaves:cave_tablet":4,"minecraft:wheat":1,"undead_revamp2:arapholia":1,"born_in_chaos_v1:ethereal_spirit":2,"minecraft:rotten_flesh":127,"aether:leather_gloves":1,"luminousworld:tall_deadbush":1,"minecraft:oak_planks":3,"quark:crimson_chest":3,"minecraft:blaze_powder":5,"minecraft:salmon":1,"supplementaries:antique_ink":3,"minecraft:leather_chestplate":1,"supplementaries:ash":22,"alexscaves:cave_book":1,"minecraft:skeleton_skull":1,"born_in_chaos_v1:corpse_maggot":10,"minecraft:leather_boots":1,"minecraft:acacia_sapling":2,"minecraft:painting":2,"minecraft:arrow":2,"minecraft:powered_rail":3,"minecraft:written_book":2,"born_in_chaos_v1:dark_rod":1,"luminousworld:beastiary":1,"minecraft:iron_ingot":23,"minecraft:bread":44,"minecraft:wheat_seeds":109,"minecraft:cobblestone":2,"artifacts:whoopee_cushion":1,"endrem:lost_eye":1,"minecraft:activator_rail":3,"minecraft:spruce_stairs":2,"minecraft:acacia_log":30,"minecraft:coal":23,"minecraft:stick":17,"born_in_chaos_v1:black_argillite":5,"minecraft:leather_horse_armor":1,"minecraft:torch":168,"luminousworld:savannah_ground":1,"tombstone:grave_dust":1,"minecraft:iron_leggings":1,"minecraft:iron_axe":1,"sophisticatedbackpacks:crafting_upgrade":1,"minecraft:chainmail_leggings":1,"minecraft:iron_shovel":1,"minecraft:paper":6,"minecraft:trapped_chest":2,"minecraft:redstone":4,"minecraft:tuff":151,"earthmobsmod:harder_flesh":1,"minecraft:diamond_sword":2,"minecraft:filled_map":1,"minecraft:potato":4,"minecraft:flower_pot":1,"aether:chainmail_gloves":1,"minecraft:bundle":5,"minecraft:iron_chestplate":1,"minecraft:diamond_pickaxe":1,"minecraft:mossy_stone_bricks":2,"artifacts:eternal_steak":6,"minecraft:redstone_torch":1,"minecraft:spider_eye":9,"minecraft:stone_bricks":2,"luminousworld:elephant_grass":1,"minecraft:red_tulip":1},"minecraft:crafted":{"minecraft:oak_planks":48,"minecraft:cobblestone_stairs":4,"sophisticatedbackpacks:crafting_upgrade":3,"iceandfire:armor_copper_metal_boots":1,"minecraft:glass":1,"minecraft:hopper":3,"minecraft:bow":2,"minecraft:cooked_rabbit":1,"minecraft:oak_slab":12,"sophisticatedbackpacks:backpack":2,"minecraft:crafting_table":7,"minecraft:baked_potato":5,"minecraft:cobbled_deepslate_wall":6,"minecraft:copper_ingot":12,"sophisticatedbackpacks:upgrade_base":3,"minecraft:diamond_pickaxe":1,"sophisticatedbackpacks:diamond_backpack":1,"minecraft:stick":104,"minecraft:iron_ingot":150,"minecraft:iron_pickaxe":4,"minecraft:gold_ingot":14,"vanillaplustools:stone_hammer":2,"minecraft:furnace":4,"iceandfire:armor_copper_metal_leggings":1,"iceandfire:armor_copper_metal_helmet":2,"minecraft:flint_and_steel":1,"quark:acacia_chest":6,"minecraft:iron_axe":3,"minecraft:stone_pickaxe":3,"minecraft:cobblestone_wall":6,"minecraft:wheat":171,"sophisticatedbackpacks:iron_backpack":2,"minecraft:cooked_beef":5,"minecraft:iron_trapdoor":3,"minecraft:enchanting_table":1,"minecraft:iron_sword":3,"sophisticatedbackpacks:gold_backpack":3,"minecraft:mangrove_planks":8,"minecraft:bucket":1,"minecraft:air":0,"minecraft:bread":87,"minecraft:acacia_sign":3,"minecraft:acacia_planks":48,"minecraft:torch":180},"minecraft:custom":{"minecraft:animals_bred":2,"minecraft:interact_with_crafting_table":46,"minecraft:open_barrel":16,"minecraft:leave_game":11,"minecraft:time_since_death":147996,"minecraft:sprint_one_cm":1166129,"minecraft:drop":189,"minecraft:talked_to_villager":3,"minecraft:play_time":627107,"minecraft:deaths":8,"minecraft:jump":8061,"minecraft:walk_on_water_one_cm":68455,"minecraft:interact_with_furnace":61,"minecraft:interact_with_loom":5,"minecraft:sleep_in_bed":22,"tombstone:sneak_grave":7,"minecraft:damage_dealt":42256,"minecraft:player_kills":1,"minecraft:crouch_one_cm":303679,"tombstone:undead_killed":125,"minecraft:interact_with_anvil":2,"minecraft:mob_kills":243,"minecraft:damage_dealt_resisted":366,"minecraft:climb_one_cm":33788,"minecraft:walk_one_cm":1993354,"minecraft:damage_dealt_absorbed":119,"minecraft:sneak_time":101808,"minecraft:walk_under_water_one_cm":33350,"minecraft:interact_with_blast_furnace":32,"minecraft:total_world_time":627107,"minecraft:time_since_rest":11876,"minecraft:damage_absorbed":71,"minecraft:damage_taken":16202,"minecraft:trigger_trapped_chest":2,"tombstone:cast_on_ally":2,"minecraft:swim_one_cm":9458,"minecraft:fly_one_cm":1208538,"minecraft:open_chest":288,"minecraft:fall_one_cm":180549},"minecraft:broken":{"minecraft:iron_sword":2,"aether:iron_gloves":1,"vanillaplustools:stone_hammer":2,"minecraft:iron_axe":1,"minecraft:iron_pickaxe":2}},"DataVersion":3465}