{"stats":{"minecraft:dropped":{"minecraft:iron_ingot":1,"minecraft:wheat_seeds":83,"minecraft:golden_pickaxe":1,"minecraft:diamond":2,"minecraft:lantern":1,"artifacts:whoopee_cushion":1,"minecraft:mangrove_planks":8,"endrem:lost_eye":1,"minecraft:dirt":1,"minecraft:torch":161,"luminousworld:savannah_ground":1,"minecraft:writable_book":1,"minecraft:iron_axe":1,"minecraft:iron_pickaxe":1,"minecraft:trapped_chest":1,"minecraft:rotten_flesh":22,"aether:leather_gloves":1,"minecraft:filled_map":1,"supplementaries:ash":1,"minecraft:bundle":1,"minecraft:skeleton_skull":1,"minecraft:iron_chestplate":1,"born_in_chaos_v1:corpse_maggot":1,"minecraft:mossy_stone_bricks":1,"minecraft:leather_boots":1,"minecraft:acacia_sapling":2,"minecraft:spider_eye":6,"minecraft:arrow":2,"minecraft:written_book":2,"luminousworld:beastiary":1},"minecraft:killed":{"minecraft:cave_spider":11,"minecraft:spider":2,"born_in_chaos_v1:maggot":2,"minecraft:bee":1,"enemyexpansion:vampflyer":1,"undead_revamp2:the_moonflower":1,"mutantmonsters:mutant_skeleton":1,"minecraft:creeper":1,"born_in_chaos_v1:decrepit_skeleton":2,"luminousworld:savannah_skeleton":3,"undead_revamp2:thesomnolence":1,"minecraft:zombie":8,"enemyexpansion:botfly":5,"minecraft:cow":2},"minecraft:crafted":{"minecraft:oak_planks":32,"minecraft:bow":1,"minecraft:iron_axe":3,"minecraft:wheat":144,"minecraft:cooked_beef":2,"sophisticatedbackpacks:backpack":1,"minecraft:crafting_table":4,"minecraft:iron_sword":1,"minecraft:mangrove_planks":8,"minecraft:bread":72,"minecraft:air":0,"minecraft:stick":48,"minecraft:iron_ingot":1,"minecraft:iron_pickaxe":2,"minecraft:acacia_planks":32,"minecraft:torch":132},"minecraft:custom":{"minecraft:mob_kills":44,"minecraft:interact_with_crafting_table":19,"minecraft:open_barrel":2,"minecraft:leave_game":1,"minecraft:time_since_death":87310,"minecraft:climb_one_cm":8685,"minecraft:sprint_one_cm":260627,"minecraft:walk_one_cm":399876,"minecraft:drop":47,"minecraft:talked_to_villager":3,"minecraft:play_time":151164,"minecraft:deaths":4,"minecraft:sneak_time":23254,"minecraft:walk_under_water_one_cm":5649,"minecraft:jump":1970,"minecraft:walk_on_water_one_cm":10265,"minecraft:total_world_time":151164,"minecraft:interact_with_furnace":5,"minecraft:sleep_in_bed":7,"minecraft:time_since_rest":57038,"minecraft:damage_taken":3664,"tombstone:sneak_grave":7,"minecraft:damage_dealt":7668,"minecraft:fly_one_cm":289893,"minecraft:open_chest":40,"minecraft:crouch_one_cm":81787,"tombstone:undead_killed":16,"minecraft:fall_one_cm":40944},"minecraft:picked_up":{"minecraft:crafting_table":6,"minecraft:wheat":77,"minecraft:flower_pot":1,"minecraft:golden_pickaxe":1,"minecraft:enchanted_book":2,"born_in_chaos_v1:black_argillite":1,"iceandfire:manuscript":4,"minecraft:string":130,"minecraft:iron_axe":2,"minecraft:experience_bottle":2,"minecraft:item_frame":3,"minecraft:iron_shovel":1,"minecraft:zombie_head":1,"iceandfire:bestiary":1,"minecraft:cracked_stone_bricks":6,"minecraft:tnt_minecart":2,"minecraft:cobbled_deepslate":1,"minecraft:beef":6,"minecraft:written_book":1,"minecraft:iron_nugget":17,"minecraft:lectern":1,"minecraft:melon_slice":60,"minecraft:mangrove_log":2,"minecraft:iron_boots":1,"minecraft:furnace":2,"minecraft:raw_iron":56,"minecraft:acacia_fence":1,"minecraft:torch":72,"minecraft:acacia_log":8,"luminousworld:beastiary":1,"minecraft:light_blue_bed":4,"minecraft:orange_bed":2,"minecraft:arrow":2,"minecraft:weeping_vines":2,"minecraft:rotten_flesh":25,"quark:acacia_chest":2,"minecraft:hay_block":47,"minecraft:gold_ingot":2,"supplementaries:ash":1,"minecraft:cobblestone":126,"minecraft:skeleton_skull":1,"born_in_chaos_v1:corpse_maggot":1,"luminousworld:savannah_ground":1,"luminousworld:ishstone":1,"minecraft:leather":6,"minecraft:filled_map":1,"minecraft:oak_log":8,"minecraft:gunpowder":1,"minecraft:lapis_lazuli":77,"minecraft:dirt":2,"minecraft:lantern":1,"minecraft:bone":2,"minecraft:acacia_planks":2,"minecraft:stone_bricks":9,"minecraft:wheat_seeds":309,"minecraft:raw_gold":9,"artifacts:whoopee_cushion":1,"minecraft:iron_ingot":5,"luminousworld:elephant_grass":1,"friendsandfoes:acacia_beehive":1,"minecraft:mossy_stone_bricks":10,"minecraft:book":124,"minecraft:gravel":3,"minecraft:trapped_chest":1,"minecraft:spider_eye":9,"minecraft:bundle":1,"minecraft:diamond":2,"minecraft:writable_book":2,"minecraft:granite":10,"minecraft:painting":1,"minecraft:emerald":28,"minecraft:golden_apple":1,"minecraft:bread":7,"minecraft:oak_sapling":1,"minecraft:damaged_anvil":1,"minecraft:coal":23,"minecraft:sunflower":1},"minecraft:mined":{"minecraft:granite":12,"minecraft:acacia_log":8,"born_in_chaos_v1:black_argillite":1,"quark:acacia_chest":2,"minecraft:hay_block":47,"minecraft:furnace":1,"minecraft:iron_ore":30,"minecraft:deepslate_lapis_ore":6,"minecraft:bookshelf":40,"minecraft:stone":111,"minecraft:cake":1,"minecraft:orange_bed":2,"minecraft:acacia_leaves":4,"minecraft:crafting_table":4,"minecraft:torch":3,"minecraft:emerald_ore":22,"minecraft:melon":14,"minecraft:lectern":1,"minecraft:cobblestone":13,"friendsandfoes:acacia_beehive":1,"minecraft:lapis_ore":2,"minecraft:damaged_anvil":1,"placeablesmod:bread_full_block":5,"minecraft:wall_torch":1,"supplementaries:urn":1,"minecraft:skeleton_skull":1,"minecraft:light_blue_bed":4,"minecraft:grass":8,"minecraft:oak_log":6,"minecraft:coal_ore":16,"luminousworld:ishstone":1,"minecraft:acacia_fence":1,"minecraft:zombie_head":1,"minecraft:sunflower":2,"minecraft:cobweb":54,"minecraft:cracked_stone_bricks":8,"minecraft:acacia_planks":2,"minecraft:stone_bricks":5,"luminousworld:savannah_grass_4":2,"luminousworld:elephant_grass":2,"minecraft:mossy_stone_bricks":3,"minecraft:gold_ore":8,"minecraft:deepslate":1,"luminousworld:savannah_ground":1},"minecraft:killed_by":{"mutantmonsters:mutant_skeleton":2,"enemyexpansion:invisicreeper":1},"minecraft:used":{"minecraft:writable_book":3,"born_in_chaos_v1:black_argillite":1,"minecraft:iron_sword":90,"minecraft:orange_bed":1,"minecraft:iron_chestplate":1,"minecraft:torch":21,"minecraft:dirt":1,"minecraft:granite":10,"minecraft:iron_axe":175,"minecraft:light_blue_bed":3,"luminousworld:elephant_grass":1,"minecraft:stone_bricks":5,"minecraft:item_frame":3,"minecraft:written_book":1,"minecraft:oak_sapling":1,"minecraft:furnace":1,"tombstone:gift":8,"minecraft:cobbled_deepslate":1,"minecraft:mossy_stone_bricks":9,"luminousworld:ishstone":1,"minecraft:cracked_stone_bricks":6,"minecraft:crafting_table":8,"quark:acacia_chest":1,"minecraft:flower_pot":1,"minecraft:apple":1,"minecraft:zombie_head":1,"minecraft:sunflower":1,"minecraft:bread":54,"minecraft:melon_slice":1,"minecraft:iron_pickaxe":243,"minecraft:gravel":3,"minecraft:cobblestone":61,"alexsmobs:animal_dictionary":4,"minecraft:cobweb":12,"minecraft:experience_bottle":5}},"DataVersion":3465}