{"stats":{"minecraft:dropped":{"minecraft:wheat_seeds":12,"artifacts:whoopee_cushion":1,"aether:leather_gloves":1,"minecraft:lantern":1,"minecraft:torch":1,"minecraft:skeleton_skull":1,"minecraft:iron_chestplate":1,"minecraft:acacia_sapling":2,"minecraft:iron_axe":1,"minecraft:arrow":2,"minecraft:iron_pickaxe":1},"minecraft:crafted":{"minecraft:cooked_beef":2,"minecraft:oak_planks":32,"minecraft:crafting_table":1,"minecraft:bread":48,"minecraft:air":0,"minecraft:iron_axe":1,"minecraft:stick":8,"minecraft:iron_pickaxe":2,"minecraft:wheat":144},"minecraft:killed":{"luminousworld:savannah_skeleton":2,"minecraft:cow":2},"minecraft:used":{"minecraft:iron_chestplate":1,"minecraft:crafting_table":3,"quark:acacia_chest":1,"minecraft:apple":1,"minecraft:sunflower":1,"minecraft:iron_axe":70,"minecraft:bread":7,"minecraft:iron_pickaxe":2,"minecraft:light_blue_bed":3,"minecraft:item_frame":3,"minecraft:furnace":1,"minecraft:oak_sapling":1,"alexsmobs:animal_dictionary":4,"minecraft:cobweb":12,"minecraft:experience_bottle":4},"minecraft:picked_up":{"minecraft:crafting_table":4,"minecraft:wheat":7,"minecraft:leather":6,"minecraft:enchanted_book":2,"minecraft:oak_log":8,"iceandfire:manuscript":4,"minecraft:string":12,"minecraft:lantern":1,"minecraft:iron_axe":2,"minecraft:item_frame":3,"minecraft:experience_bottle":1,"iceandfire:bestiary":1,"minecraft:wheat_seeds":12,"minecraft:iron_ingot":2,"minecraft:beef":6,"minecraft:lectern":1,"minecraft:melon_slice":60,"minecraft:furnace":1,"minecraft:book":123,"minecraft:acacia_fence":1,"minecraft:torch":1,"minecraft:light_blue_bed":4,"minecraft:arrow":2,"quark:acacia_chest":2,"minecraft:writable_book":1,"minecraft:hay_block":41,"minecraft:painting":1,"minecraft:bread":2,"minecraft:gold_ingot":2,"minecraft:emerald":1,"minecraft:oak_sapling":1,"minecraft:damaged_anvil":1,"minecraft:skeleton_skull":1,"minecraft:sunflower":1},"minecraft:custom":{"minecraft:interact_with_furnace":5,"minecraft:mob_kills":4,"minecraft:interact_with_crafting_table":4,"minecraft:time_since_death":40363,"minecraft:sleep_in_bed":4,"minecraft:time_since_rest":7266,"minecraft:sprint_one_cm":97854,"minecraft:damage_taken":335,"minecraft:walk_one_cm":115113,"minecraft:drop":12,"minecraft:damage_dealt":774,"minecraft:talked_to_villager":1,"minecraft:fly_one_cm":112116,"minecraft:open_chest":22,"minecraft:crouch_one_cm":10401,"minecraft:play_time":40363,"tombstone:undead_killed":2,"minecraft:sneak_time":2594,"minecraft:walk_under_water_one_cm":203,"minecraft:jump":580,"minecraft:walk_on_water_one_cm":6307,"minecraft:total_world_time":40363,"minecraft:fall_one_cm":13661},"minecraft:mined":{"minecraft:crafting_table":3,"minecraft:torch":1,"minecraft:melon":14,"minecraft:lectern":1,"quark:acacia_chest":2,"minecraft:damaged_anvil":1,"minecraft:skeleton_skull":1,"minecraft:hay_block":41,"minecraft:light_blue_bed":4,"minecraft:furnace":1,"minecraft:grass":8,"minecraft:bookshelf":40,"minecraft:oak_log":6,"minecraft:acacia_fence":1,"minecraft:sunflower":2,"minecraft:cake":1}},"DataVersion":3465}