{"stats":{"minecraft:killed":{"minecraft:cave_spider":11,"undead_revamp2:thegliter":1,"minecraft:spider":2,"born_in_chaos_v1:maggot":3,"minecraft:bee":1,"minecraft:drowned":1,"enemyexpansion:vampflyer":1,"earthmobsmod:bouldering_zombie":1,"born_in_chaos_v1:diamond_termite":1,"undead_revamp2:the_moonflower":1,"mutantmonsters:mutant_skeleton":1,"minecraft:creeper":2,"born_in_chaos_v1:decrepit_skeleton":2,"luminousworld:savannah_skeleton":3,"undead_revamp2:thesomnolence":1,"minecraft:zombie":8,"enemyexpansion:botfly":5,"born_in_chaos_v1:door_knight":1,"minecraft:cow":2},"minecraft:killed_by":{"mutantmonsters:mutant_skeleton":2,"enemyexpansion:invisicreeper":1},"minecraft:mined":{"born_in_chaos_v1:infected_diamond_ore":1,"minecraft:granite":12,"minecraft:acacia_log":8,"born_in_chaos_v1:black_argillite":1,"quark:acacia_chest":2,"minecraft:hay_block":47,"minecraft:furnace":1,"minecraft:iron_ore":32,"minecraft:cobbled_deepslate":2,"minecraft:deepslate_lapis_ore":10,"minecraft:bookshelf":40,"minecraft:deepslate_iron_ore":6,"minecraft:rail":1,"minecraft:stone":111,"minecraft:cake":1,"minecraft:orange_bed":3,"minecraft:acacia_leaves":4,"minecraft:crafting_table":4,"minecraft:torch":4,"minecraft:emerald_ore":22,"minecraft:melon":14,"minecraft:lectern":1,"minecraft:cobblestone":22,"friendsandfoes:acacia_beehive":1,"minecraft:lapis_ore":3,"minecraft:oak_planks":1,"minecraft:damaged_anvil":1,"placeablesmod:bread_full_block":7,"minecraft:wall_torch":3,"minecraft:skeleton_skull":1,"supplementaries:urn":3,"minecraft:light_blue_bed":4,"minecraft:tnt":3,"minecraft:grass":8,"minecraft:oak_log":6,"minecraft:coal_ore":16,"luminousworld:ishstone":2,"minecraft:zombie_head":1,"minecraft:acacia_fence":1,"minecraft:sunflower":2,"minecraft:cobweb":60,"minecraft:cracked_stone_bricks":8,"minecraft:acacia_planks":2,"minecraft:stone_bricks":5,"minecraft:gold_ore":8,"luminousworld:savannah_grass_4":2,"luminousworld:elephant_grass":2,"minecraft:mossy_stone_bricks":3,"minecraft:deepslate":15,"luminousworld:savannah_ground":1},"minecraft:picked_up":{"minecraft:crafting_table":6,"born_in_chaos_v1:diamond_termite_shard":1,"minecraft:wheat":77,"minecraft:flower_pot":1,"minecraft:golden_pickaxe":1,"alexscaves:cave_tablet":4,"minecraft:enchanted_book":2,"born_in_chaos_v1:black_argillite":1,"iceandfire:manuscript":4,"minecraft:string":136,"minecraft:iron_axe":2,"minecraft:experience_bottle":2,"minecraft:item_frame":3,"minecraft:iron_shovel":1,"minecraft:zombie_head":1,"minecraft:cracked_stone_bricks":6,"iceandfire:bestiary":1,"minecraft:tnt_minecart":2,"minecraft:cobbled_deepslate":21,"minecraft:beef":6,"minecraft:written_book":1,"minecraft:iron_nugget":28,"minecraft:lectern":1,"minecraft:melon_slice":60,"minecraft:mangrove_log":2,"minecraft:iron_boots":1,"minecraft:furnace":2,"minecraft:raw_iron":57,"minecraft:acacia_fence":1,"minecraft:torch":78,"minecraft:acacia_log":8,"luminousworld:beastiary":1,"minecraft:light_blue_bed":4,"minecraft:tnt":3,"minecraft:orange_bed":3,"minecraft:weeping_vines":2,"minecraft:arrow":2,"minecraft:rotten_flesh":31,"quark:acacia_chest":2,"minecraft:hay_block":47,"minecraft:gold_ingot":2,"supplementaries:ash":7,"minecraft:rail":1,"minecraft:skeleton_skull":1,"minecraft:cobblestone":135,"born_in_chaos_v1:corpse_maggot":1,"luminousworld:savannah_ground":1,"minecraft:glow_ink_sac":1,"luminousworld:ishstone":2,"minecraft:leather":6,"minecraft:filled_map":1,"alexscaves:cave_book":1,"minecraft:tuff":2,"minecraft:oak_log":8,"minecraft:gunpowder":6,"minecraft:lapis_lazuli":100,"minecraft:dirt":2,"minecraft:lantern":1,"minecraft:bone":2,"minecraft:acacia_planks":2,"minecraft:stone_bricks":9,"minecraft:wheat_seeds":309,"minecraft:raw_gold":9,"luminousworld:elephant_grass":1,"minecraft:iron_ingot":14,"artifacts:whoopee_cushion":1,"friendsandfoes:acacia_beehive":1,"minecraft:mossy_stone_bricks":10,"minecraft:oak_planks":2,"minecraft:book":124,"earthmobsmod:harder_flesh":1,"minecraft:gravel":4,"minecraft:trapped_chest":1,"minecraft:spider_eye":9,"minecraft:bundle":1,"minecraft:diamond":2,"minecraft:writable_book":2,"minecraft:granite":10,"minecraft:painting":1,"minecraft:bread":9,"minecraft:golden_apple":1,"minecraft:emerald":43,"minecraft:oak_sapling":1,"minecraft:damaged_anvil":1,"minecraft:coal":23,"iceandfire:raw_silver":1,"minecraft:sunflower":1},"minecraft:used":{"minecraft:writable_book":3,"born_in_chaos_v1:black_argillite":1,"minecraft:iron_sword":129,"minecraft:orange_bed":2,"minecraft:iron_chestplate":1,"minecraft:torch":28,"minecraft:dirt":1,"minecraft:tuff":2,"minecraft:granite":10,"minecraft:iron_axe":176,"minecraft:light_blue_bed":3,"luminousworld:elephant_grass":1,"minecraft:stone_bricks":5,"minecraft:item_frame":3,"minecraft:written_book":1,"minecraft:oak_sapling":1,"minecraft:furnace":1,"tombstone:gift":10,"minecraft:cooked_beef":2,"minecraft:cobbled_deepslate":11,"minecraft:mossy_stone_bricks":9,"luminousworld:ishstone":2,"minecraft:cracked_stone_bricks":6,"minecraft:rail":1,"minecraft:crafting_table":8,"quark:acacia_chest":1,"alexscaves:cave_book":1,"minecraft:flower_pot":1,"minecraft:apple":1,"minecraft:zombie_head":1,"minecraft:sunflower":1,"minecraft:bread":61,"minecraft:melon_slice":1,"minecraft:iron_pickaxe":285,"minecraft:gravel":3,"minecraft:cobblestone":93,"alexsmobs:animal_dictionary":4,"minecraft:cobweb":12,"minecraft:experience_bottle":5},"minecraft:dropped":{"minecraft:iron_ingot":1,"minecraft:bread":23,"minecraft:wheat_seeds":83,"minecraft:glow_ink_sac":1,"minecraft:golden_pickaxe":1,"minecraft:diamond":2,"minecraft:lantern":1,"artifacts:whoopee_cushion":1,"endrem:lost_eye":1,"minecraft:mangrove_planks":8,"minecraft:stick":7,"minecraft:dirt":1,"minecraft:torch":161,"luminousworld:savannah_ground":1,"minecraft:tnt_minecart":2,"minecraft:writable_book":1,"minecraft:iron_axe":1,"minecraft:iron_pickaxe":1,"minecraft:paper":6,"minecraft:trapped_chest":1,"minecraft:gravel":1,"minecraft:cobbled_deepslate":10,"alexscaves:cave_tablet":4,"minecraft:rotten_flesh":26,"aether:leather_gloves":1,"minecraft:oak_planks":2,"earthmobsmod:harder_flesh":1,"minecraft:filled_map":1,"supplementaries:ash":7,"alexscaves:cave_book":1,"minecraft:bundle":1,"minecraft:skeleton_skull":1,"minecraft:iron_chestplate":1,"born_in_chaos_v1:corpse_maggot":1,"minecraft:mossy_stone_bricks":1,"minecraft:leather_boots":1,"minecraft:acacia_sapling":2,"minecraft:spider_eye":6,"minecraft:arrow":2,"minecraft:written_book":2,"luminousworld:beastiary":1},"minecraft:crafted":{"minecraft:oak_planks":32,"minecraft:bow":1,"minecraft:iron_axe":3,"sophisticatedbackpacks:iron_backpack":1,"minecraft:wheat":144,"minecraft:cooked_beef":2,"sophisticatedbackpacks:backpack":1,"minecraft:crafting_table":5,"minecraft:iron_sword":1,"sophisticatedbackpacks:gold_backpack":1,"minecraft:mangrove_planks":8,"sophisticatedbackpacks:upgrade_base":2,"minecraft:bread":73,"minecraft:air":0,"minecraft:stick":48,"minecraft:iron_ingot":1,"minecraft:iron_pickaxe":4,"minecraft:acacia_planks":32,"minecraft:torch":132},"minecraft:custom":{"minecraft:mob_kills":52,"minecraft:interact_with_crafting_table":30,"minecraft:open_barrel":5,"minecraft:damage_dealt_resisted":208,"minecraft:leave_game":2,"minecraft:time_since_death":13698,"minecraft:climb_one_cm":14097,"minecraft:sprint_one_cm":343218,"minecraft:walk_one_cm":467127,"minecraft:drop":66,"minecraft:talked_to_villager":3,"minecraft:play_time":184903,"minecraft:sneak_time":27515,"minecraft:deaths":5,"minecraft:walk_under_water_one_cm":6437,"minecraft:jump":2618,"minecraft:walk_on_water_one_cm":13660,"minecraft:total_world_time":184903,"minecraft:interact_with_furnace":5,"minecraft:interact_with_loom":3,"minecraft:sleep_in_bed":8,"minecraft:time_since_rest":8074,"minecraft:damage_taken":4167,"tombstone:sneak_grave":7,"minecraft:damage_dealt":9109,"minecraft:swim_one_cm":1542,"minecraft:fly_one_cm":405317,"minecraft:open_chest":40,"minecraft:crouch_one_cm":93688,"tombstone:undead_killed":20,"minecraft:fall_one_cm":52869},"minecraft:broken":{"minecraft:iron_pickaxe":1}},"DataVersion":3465}