{"stats":{"minecraft:killed":{"undead_revamp2:the_moonflower":1,"minecraft:vindicator":1,"minecraft:zombie":1,"enemyexpansion:botfly":2,"luminousworld:savannah_zombie":2},"minecraft:killed_by":{"mutantmonsters:mutant_skeleton":5,"minecraft:skeleton":1,"enemyexpansion:invisicreeper":1},"minecraft:picked_up":{"minecraft:charcoal":2,"minecraft:iron_chestplate":1,"minecraft:wheat":139,"minecraft:feather":2,"minecraft:golden_pickaxe":1,"minecraft:oak_log":8,"minecraft:yellow_bed":4,"aether:leather_gloves":1,"minecraft:lapis_lazuli":20,"minecraft:dirt":1,"minecraft:string":14,"minecraft:iron_axe":1,"minecraft:apple":1,"undead_revamp2:blacpetalblock":2,"iceandfire:pixie_jar_empty":1,"iceandfire:bestiary":1,"minecraft:wheat_seeds":232,"luminousworld:elephant_grass":1,"artifacts:whoopee_cushion":1,"minecraft:iron_ore":15,"minecraft:iron_pickaxe":2,"minecraft:bamboo":1,"minecraft:gray_bed":1,"iceandfire:podium_acacia":1,"minecraft:raw_iron":14,"iceandfire:copper_nugget":50,"tombstone:grave_dust":2,"minecraft:gold_ore":9,"minecraft:orange_bed":1,"minecraft:bundle":3,"minecraft:arrow":1,"minecraft:rotten_flesh":16,"minecraft:hay_block":26,"minecraft:granite":18,"minecraft:emerald":3,"supplementaries:ash":6,"minecraft:coal":2,"minecraft:skeleton_skull":1,"minecraft:cobblestone":14},"minecraft:mined":{"iceandfire:pixie_jar_empty":1,"iceandfire:copper_pile":6,"iceandfire:podium_acacia":1,"luminousworld:savannah_grass_1":1,"minecraft:grass_block":1,"minecraft:cobblestone":1,"minecraft:lapis_ore":4,"luminousworld:savanna_grass_2":1,"supplementaries:urn":2,"minecraft:hay_block":26,"minecraft:iron_ore":15,"minecraft:yellow_bed":4,"minecraft:oak_log":10,"minecraft:coal_ore":2,"minecraft:cobweb":15,"minecraft:stone":1,"minecraft:gold_ore":1,"minecraft:oak_leaves":4,"minecraft:orange_bed":1},"minecraft:used":{"minecraft:wheat_seeds":6,"minecraft:iron_ore":15,"minecraft:bundle":2,"minecraft:iron_sword":87,"minecraft:gold_ore":9,"minecraft:orange_bed":1,"minecraft:torch":31,"minecraft:crafting_table":3,"minecraft:apple":1,"minecraft:iron_axe":5,"minecraft:bread":29,"minecraft:brown_wool":1,"minecraft:iron_pickaxe":24,"luminousworld:elephant_grass":1,"minecraft:cobblestone":11,"tombstone:gift":2,"alexsmobs:animal_dictionary":1,"minecraft:yellow_bed":3,"iceandfire:pixie_jar_empty":1},"minecraft:dropped":{"minecraft:gold_ore":9,"minecraft:raw_iron":1,"minecraft:feather":2,"iceandfire:podium_acacia":1,"minecraft:granite":18,"minecraft:dirt":1,"minecraft:bundle":3,"iceandfire:bestiary":1,"tombstone:grave_dust":4,"minecraft:bamboo":1,"minecraft:iron_ore":15,"minecraft:arrow":1,"minecraft:string":11,"iceandfire:manuscript":4},"minecraft:crafted":{"minecraft:oak_planks":16,"minecraft:crafting_table":3,"minecraft:iron_sword":1,"minecraft:bread":46,"iceandfire:bestiary":1,"minecraft:stick":16,"minecraft:torch":32},"minecraft:custom":{"minecraft:mob_kills":8,"tombstone:raider_killed":1,"minecraft:interact_with_crafting_table":3,"minecraft:bell_ring":2,"minecraft:time_since_death":29558,"minecraft:sleep_in_bed":9,"minecraft:time_since_rest":4977,"minecraft:sprint_one_cm":233925,"minecraft:damage_taken":3266,"minecraft:walk_one_cm":216205,"minecraft:trigger_trapped_chest":1,"minecraft:drop":19,"minecraft:damage_dealt":3558,"minecraft:swim_one_cm":1690,"minecraft:talked_to_villager":3,"minecraft:fly_one_cm":273885,"minecraft:open_chest":13,"minecraft:crouch_one_cm":22084,"minecraft:play_time":98756,"tombstone:undead_killed":4,"minecraft:deaths":7,"minecraft:sneak_time":5114,"minecraft:walk_under_water_one_cm":5605,"minecraft:jump":1235,"minecraft:walk_on_water_one_cm":5844,"minecraft:total_world_time":98756,"minecraft:fall_one_cm":28987},"minecraft:broken":{"aether:leather_gloves":1}},"DataVersion":3465}