{"stats":{"minecraft:dropped":{"minecraft:gold_ore":9,"minecraft:iron_sword":1,"iceandfire:raw_silver":1,"minecraft:wheat_seeds":244,"minecraft:lapis_lazuli":20,"minecraft:golden_pickaxe":1,"minecraft:diamond":2,"minecraft:iron_helmet":1,"minecraft:feather":2,"iceandfire:podium_acacia":1,"artifacts:whoopee_cushion":1,"minecraft:granite":18,"minecraft:cracked_stone_bricks":5,"minecraft:mangrove_planks":4,"minecraft:acacia_log":33,"minecraft:rail":26,"minecraft:stick":6,"minecraft:emerald":3,"minecraft:dirt":1,"minecraft:tnt_minecart":1,"tombstone:grave_dust":4,"minecraft:iron_pickaxe":3,"undead_revamp2:blacpetalblock":2,"minecraft:iron_shovel":1,"minecraft:string":42,"minecraft:bucket":2,"minecraft:bone":5,"minecraft:gravel":30,"minecraft:iron_nugget":11,"minecraft:detector_rail":8,"alexscaves:cave_tablet":4,"minecraft:wheat":64,"minecraft:experience_bottle":1,"minecraft:raw_iron":18,"minecraft:rotten_flesh":77,"minecraft:filled_map":1,"minecraft:diamond_sword":1,"supplementaries:flax_seeds":1,"minecraft:shield":1,"alexscaves:cave_book":1,"minecraft:skeleton_skull":1,"minecraft:bundle":3,"minecraft:mossy_stone_bricks":1,"minecraft:melon_seeds":4,"born_in_chaos_v1:corpse_maggot":1,"iceandfire:bestiary":1,"minecraft:spider_eye":4,"minecraft:bamboo":1,"minecraft:iron_ore":15,"minecraft:arrow":1,"minecraft:written_book":2,"iceandfire:manuscript":4},"minecraft:broken":{"minecraft:leather_leggings":1,"minecraft:iron_chestplate":1,"minecraft:iron_axe":1,"minecraft:leather_boots":1,"minecraft:iron_sword":1,"minecraft:iron_pickaxe":1,"aether:leather_gloves":1},"minecraft:killed":{"minecraft:cave_spider":17,"born_in_chaos_v1:zombie_lumberjack":1,"undead_revamp2:thegliter":1,"enemyexpansion:intruder":1,"minecraft:spider":1,"minecraft:vindicator":1,"undead_revamp2:thesmoker":1,"enemyexpansion:direwolf":1,"born_in_chaos_v1:siamese_skeletonsright":1,"born_in_chaos_v1:maggot":13,"minecraft:drowned":2,"luminousworld:savannah_zombie":3,"earthmobsmod:bouldering_zombie":1,"born_in_chaos_v1:diamond_termite":2,"born_in_chaos_v1:baby_skeleton":1,"undead_revamp2:the_moonflower":2,"minecraft:creeper":1,"luminousworld:savannah_skeleton":4,"minecraft:zombie":50,"born_in_chaos_v1:corpse_fly":4,"enemyexpansion:botfly":7,"born_in_chaos_v1:siamese_skeletonsleft":1},"minecraft:crafted":{"minecraft:oak_planks":16,"minecraft:stone_shovel":9,"vanillaplustools:stone_shovel":1,"minecraft:wheat":63,"minecraft:crafting_table":4,"minecraft:iron_sword":2,"minecraft:bucket":1,"minecraft:bread":46,"iceandfire:bestiary":1,"minecraft:shield":1,"minecraft:stick":16,"minecraft:iron_ingot":3,"minecraft:torch":104,"luminousworld:baobab_plank":8},"minecraft:custom":{"minecraft:mob_kills":120,"minecraft:inspect_hopper":1,"minecraft:interact_with_crafting_table":7,"minecraft:open_barrel":3,"minecraft:bell_ring":2,"minecraft:damage_dealt_resisted":486,"minecraft:leave_game":5,"minecraft:time_since_death":17085,"minecraft:climb_one_cm":16396,"minecraft:sprint_one_cm":808693,"minecraft:walk_one_cm":804982,"minecraft:damage_blocked_by_shield":30,"minecraft:drop":82,"minecraft:talked_to_villager":3,"minecraft:play_time":337819,"minecraft:sneak_time":30733,"minecraft:deaths":13,"minecraft:walk_under_water_one_cm":31610,"minecraft:jump":4198,"minecraft:walk_on_water_one_cm":39334,"minecraft:total_world_time":337819,"minecraft:interact_with_furnace":2,"tombstone:raider_killed":1,"minecraft:interact_with_loom":7,"minecraft:sleep_in_bed":17,"minecraft:time_since_rest":3047,"minecraft:damage_taken":13958,"minecraft:damage_absorbed":119,"minecraft:trigger_trapped_chest":1,"minecraft:damage_dealt":24254,"tombstone:cast_on_ally":1,"minecraft:swim_one_cm":7032,"minecraft:fly_one_cm":819639,"minecraft:open_chest":38,"minecraft:crouch_one_cm":91174,"tombstone:undead_killed":68,"minecraft:fall_one_cm":66709},"minecraft:picked_up":{"sophisticatedbackpacks:gold_backpack":1,"minecraft:charcoal":2,"minecraft:iron_chestplate":2,"minecraft:coarse_dirt":1,"minecraft:wheat":210,"minecraft:flower_pot":1,"minecraft:chest_minecart":1,"minecraft:golden_pickaxe":3,"minecraft:leather_leggings":1,"supplementaries:bomb_blue":1,"minecraft:brown_mushroom":1,"minecraft:diamond_sword":2,"alexscaves:cave_tablet":4,"luminousworld:bao_bob_wood":1,"minecraft:shield":1,"aether:leather_gloves":1,"minecraft:iron_leggings":1,"minecraft:string":58,"minecraft:iron_axe":1,"minecraft:iron_shovel":2,"minecraft:detector_rail":8,"minecraft:cracked_stone_bricks":5,"iceandfire:bestiary":1,"minecraft:tnt_minecart":1,"minecraft:cobbled_deepslate":128,"earthmobsmod:duck_egg":1,"minecraft:written_book":2,"minecraft:iron_pickaxe":5,"minecraft:iron_nugget":38,"iceandfire:podium_acacia":1,"minecraft:iron_boots":1,"minecraft:stick":17,"minecraft:raw_iron":33,"sophisticatedbackpacks:crafting_upgrade":1,"minecraft:torch":137,"minecraft:acacia_log":98,"luminousworld:savannah_soil":65,"tombstone:grave_dust":10,"minecraft:redstone":4,"tombstone:scroll_of_purification":1,"minecraft:orange_bed":1,"minecraft:arrow":1,"minecraft:rotten_flesh":99,"quark:acacia_chest":3,"minecraft:hay_block":36,"alexscaves:spelunkery_table":1,"minecraft:yellow_terracotta":3,"minecraft:gold_ingot":1,"supplementaries:ash":10,"minecraft:rail":41,"minecraft:skeleton_skull":3,"minecraft:blaze_powder":5,"minecraft:cobblestone":131,"born_in_chaos_v1:corpse_maggot":11,"minecraft:feather":2,"minecraft:water_bucket":1,"alexsmobs:acacia_blossom":1,"minecraft:red_mushroom":1,"minecraft:potato":4,"minecraft:filled_map":1,"alexscaves:cave_book":1,"minecraft:tuff":2,"minecraft:oak_log":8,"supplementaries:flax_seeds":3,"minecraft:golden_boots":1,"minecraft:yellow_bed":6,"minecraft:gunpowder":2,"minecraft:lapis_lazuli":29,"minecraft:dirt":2,"minecraft:paper":6,"minecraft:leather_boots":1,"minecraft:bone":10,"minecraft:stone_bricks":1,"minecraft:apple":1,"undead_revamp2:blacpetalblock":2,"iceandfire:pixie_jar_empty":1,"minecraft:wheat_seeds":250,"minecraft:iron_ingot":40,"artifacts:whoopee_cushion":1,"luminousworld:elephant_grass":3,"minecraft:iron_ore":15,"minecraft:mossy_stone_bricks":1,"minecraft:bamboo":1,"minecraft:gray_bed":1,"minecraft:mangrove_planks":10,"minecraft:acacia_sapling":4,"minecraft:soul_sand":3,"minecraft:polished_andesite_stairs":3,"iceandfire:copper_nugget":50,"endrem:lost_eye":2,"minecraft:gravel":37,"minecraft:mossy_cobblestone":1,"sophisticatedbackpacks:iron_backpack":1,"minecraft:dead_bush":1,"minecraft:gold_ore":9,"minecraft:trapped_chest":1,"minecraft:spider_eye":9,"minecraft:bundle":5,"minecraft:iron_hoe":1,"minecraft:diamond":3,"minecraft:brown_banner":1,"minecraft:mossy_cobblestone_stairs":1,"minecraft:chainmail_leggings":1,"minecraft:iron_helmet":2,"minecraft:granite":20,"minecraft:bone_meal":1,"minecraft:emerald":3,"minecraft:bread":51,"tombstone:magic_scroll":2,"luminousworld:bao_bob_log":1,"minecraft:melon_seeds":8,"minecraft:coal":25,"iceandfire:raw_silver":1,"minecraft:diamond_pickaxe":1},"minecraft:mined":{"minecraft:yellow_terracotta":4,"minecraft:diamond_ore":1,"alexscaves:spelunkery_table":1,"minecraft:tuff":16,"iceandfire:silver_ore":1,"iceandfire:copper_pile":6,"minecraft:granite":2,"minecraft:acacia_log":99,"luminousworld:bao_bob_wood":1,"minecraft:grass_block":1,"quark:acacia_chest":4,"luminousworld:savanna_grass_2":1,"minecraft:hay_block":37,"minecraft:redstone_ore":14,"minecraft:mossy_cobblestone_stairs":1,"minecraft:iron_ore":57,"placeablesmod:water_bucket_block":1,"minecraft:vine":1,"minecraft:deepslate_iron_ore":21,"minecraft:rail":2,"minecraft:stone":73,"minecraft:orange_bed":1,"iceandfire:pixie_jar_empty":1,"luminousworld:savannah_soil":83,"minecraft:acacia_leaves":2,"minecraft:soul_sand":61,"iceandfire:podium_acacia":1,"minecraft:torch":8,"luminousworld:savannah_grass_1":4,"minecraft:polished_andesite_stairs":3,"minecraft:chest":1,"minecraft:cobblestone":34,"minecraft:deepslate_gold_ore":3,"minecraft:lapis_ore":4,"minecraft:oak_planks":1,"placeablesmod:bread_full_block":14,"minecraft:diorite":1,"minecraft:wall_torch":9,"minecraft:skeleton_skull":1,"supplementaries:urn":15,"minecraft:coarse_dirt":6,"luminousworld:bao_bob_log":1,"minecraft:yellow_bed":6,"minecraft:smooth_stone_slab":1,"minecraft:coal_ore":2,"minecraft:oak_log":10,"luminousworld:ishstone":3,"minecraft:gravel":15,"minecraft:dirt":10,"minecraft:cobweb":64,"minecraft:cracked_stone_bricks":3,"minecraft:stone_bricks":5,"minecraft:gold_ore":1,"luminousworld:savannah_grass_4":5,"minecraft:mossy_stone_bricks":6,"minecraft:oak_leaves":4,"minecraft:deepslate":161},"minecraft:killed_by":{"minecraft:player":1,"mutantmonsters:mutant_skeleton":5,"minecraft:skeleton":1,"minecraft:zombie":1,"enemyexpansion:invisicreeper":1},"minecraft:used":{"minecraft:acacia_log":1,"minecraft:shield":1,"minecraft:iron_sword":416,"minecraft:rotten_flesh":15,"minecraft:orange_bed":1,"minecraft:torch":290,"endrem:lost_eye":1,"minecraft:dirt":1,"minecraft:tuff":1,"minecraft:granite":2,"born_in_chaos_v1:corpse_maggot":10,"minecraft:iron_axe":117,"minecraft:polished_andesite_stairs":3,"luminousworld:elephant_grass":3,"minecraft:stone_bricks":1,"alexscaves:spelunkery_table":1,"tombstone:gift":7,"minecraft:potato":4,"iceandfire:pixie_jar_empty":1,"minecraft:wheat_seeds":6,"minecraft:water_bucket":5,"minecraft:iron_ore":15,"minecraft:bundle":2,"minecraft:gold_ore":9,"luminousworld:baobab_plank":3,"minecraft:golden_apple":3,"minecraft:crafting_table":4,"quark:acacia_chest":23,"alexscaves:cave_book":7,"vanillaplustools:stone_shovel":100,"earthmobsmod:duck_egg":1,"minecraft:apple":1,"minecraft:bread":196,"minecraft:brown_wool":1,"minecraft:iron_pickaxe":422,"minecraft:gravel":3,"minecraft:diamond_sword":200,"minecraft:cobblestone":89,"minecraft:gray_wool":7,"alexsmobs:animal_dictionary":1,"minecraft:bucket":5,"minecraft:yellow_bed":5,"minecraft:bone_meal":1}},"DataVersion":3465}