{"stats":{"minecraft:killed":{"minecraft:cave_spider":17,"born_in_chaos_v1:zombie_lumberjack":1,"undead_revamp2:thegliter":1,"enemyexpansion:intruder":1,"minecraft:spider":1,"minecraft:vindicator":1,"undead_revamp2:thesmoker":1,"enemyexpansion:direwolf":1,"born_in_chaos_v1:siamese_skeletonsright":1,"born_in_chaos_v1:maggot":15,"minecraft:drowned":2,"luminousworld:savannah_zombie":4,"earthmobsmod:bouldering_zombie":1,"born_in_chaos_v1:diamond_termite":2,"born_in_chaos_v1:baby_skeleton":1,"undead_revamp2:the_moonflower":2,"minecraft:creeper":1,"luminousworld:savannah_skeleton":5,"minecraft:zombie":58,"born_in_chaos_v1:corpse_fly":4,"enemyexpansion:botfly":7,"born_in_chaos_v1:siamese_skeletonsleft":1},"minecraft:killed_by":{"minecraft:player":1,"mutantmonsters:mutant_skeleton":5,"minecraft:skeleton":1,"minecraft:zombie":1,"enemyexpansion:invisicreeper":1},"minecraft:picked_up":{"sophisticatedbackpacks:gold_backpack":1,"minecraft:charcoal":2,"minecraft:iron_chestplate":2,"minecraft:coarse_dirt":1,"minecraft:wheat":328,"minecraft:flower_pot":1,"minecraft:diamond_sword":3,"minecraft:chest_minecart":1,"minecraft:golden_pickaxe":3,"minecraft:leather_leggings":1,"supplementaries:bomb_blue":1,"minecraft:brown_mushroom":1,"alexscaves:cave_tablet":4,"luminousworld:bao_bob_wood":1,"minecraft:shield":2,"minecraft:smooth_stone_slab":1,"aether:leather_gloves":3,"minecraft:string":59,"minecraft:iron_axe":1,"minecraft:iron_leggings":1,"minecraft:item_frame":1,"minecraft:white_carpet":2,"minecraft:iron_shovel":3,"minecraft:detector_rail":8,"minecraft:cracked_stone_bricks":5,"iceandfire:bestiary":1,"minecraft:tnt_minecart":1,"minecraft:cobbled_deepslate":128,"earthmobsmod:duck_egg":1,"minecraft:acacia_fence_gate":1,"minecraft:written_book":2,"minecraft:iron_pickaxe":6,"minecraft:iron_nugget":38,"iceandfire:podium_acacia":1,"minecraft:iron_boots":1,"minecraft:stick":19,"minecraft:raw_iron":33,"iceandfire:troll_tusk":2,"minecraft:acacia_fence":1,"sophisticatedbackpacks:crafting_upgrade":1,"minecraft:torch":140,"minecraft:acacia_log":208,"luminousworld:savannah_soil":65,"iceandfire:rotten_egg":3,"tombstone:grave_dust":10,"minecraft:redstone":4,"tombstone:scroll_of_purification":1,"minecraft:orange_bed":1,"minecraft:arrow":1,"minecraft:rotten_flesh":106,"quark:acacia_chest":8,"minecraft:hay_block":44,"alexscaves:spelunkery_table":1,"minecraft:yellow_terracotta":7,"minecraft:gold_ingot":2,"supplementaries:ash":11,"minecraft:rail":41,"minecraft:skeleton_skull":4,"minecraft:blaze_powder":5,"minecraft:cobblestone":131,"born_in_chaos_v1:fused_bone":1,"born_in_chaos_v1:corpse_maggot":12,"luminousworld:savannah_ground":5,"minecraft:leather_chestplate":1,"minecraft:feather":2,"minecraft:water_bucket":1,"alexsmobs:acacia_blossom":2,"minecraft:red_mushroom":1,"minecraft:potato":4,"minecraft:filled_map":1,"minecraft:flint":1,"alexscaves:cave_book":1,"minecraft:tuff":2,"minecraft:oak_log":8,"supplementaries:flax_seeds":3,"minecraft:golden_boots":1,"minecraft:yellow_bed":6,"minecraft:gunpowder":2,"minecraft:lapis_lazuli":29,"minecraft:dirt":2,"minecraft:paper":6,"minecraft:leather_boots":3,"minecraft:bone":10,"minecraft:stone_bricks":1,"minecraft:apple":1,"undead_revamp2:blacpetalblock":2,"iceandfire:pixie_jar_empty":1,"minecraft:wheat_seeds":451,"minecraft:iron_ingot":41,"artifacts:whoopee_cushion":1,"luminousworld:elephant_grass":4,"minecraft:iron_ore":15,"minecraft:mossy_stone_bricks":1,"minecraft:bamboo":1,"minecraft:gray_bed":1,"minecraft:mangrove_planks":10,"minecraft:acacia_sapling":9,"minecraft:soul_sand":3,"minecraft:polished_andesite_stairs":8,"iceandfire:copper_nugget":50,"endrem:lost_eye":2,"minecraft:gravel":41,"sophisticatedbackpacks:iron_backpack":1,"minecraft:dead_bush":1,"minecraft:gold_ore":9,"minecraft:trapped_chest":1,"minecraft:spider_eye":9,"minecraft:mossy_cobblestone":1,"minecraft:leather_helmet":1,"minecraft:bundle":5,"minecraft:iron_hoe":1,"minecraft:diamond":3,"minecraft:chainmail_leggings":1,"minecraft:iron_helmet":2,"minecraft:granite":20,"minecraft:painting":1,"minecraft:bone_meal":1,"minecraft:mossy_cobblestone_stairs":1,"minecraft:emerald":3,"minecraft:bread":58,"minecraft:brown_banner":2,"tombstone:magic_scroll":2,"luminousworld:bao_bob_log":1,"minecraft:melon_seeds":8,"minecraft:coal":25,"iceandfire:raw_silver":1,"minecraft:diamond_pickaxe":1},"minecraft:mined":{"minecraft:yellow_terracotta":12,"minecraft:diamond_ore":1,"alexscaves:spelunkery_table":1,"minecraft:tuff":16,"iceandfire:silver_ore":1,"iceandfire:copper_pile":6,"luminousworld:bao_bob_wood":1,"minecraft:granite":2,"minecraft:acacia_log":209,"minecraft:grass_block":1,"quark:acacia_chest":7,"luminousworld:savanna_grass_2":7,"minecraft:hay_block":45,"minecraft:redstone_ore":14,"minecraft:mossy_cobblestone_stairs":1,"minecraft:iron_ore":57,"placeablesmod:water_bucket_block":1,"minecraft:vine":1,"minecraft:deepslate_iron_ore":21,"minecraft:rail":2,"minecraft:stone":73,"minecraft:orange_bed":1,"iceandfire:pixie_jar_empty":1,"luminousworld:savannah_soil":84,"minecraft:acacia_leaves":28,"minecraft:soul_sand":61,"iceandfire:podium_acacia":1,"minecraft:torch":8,"luminousworld:savannah_grass_1":7,"minecraft:polished_andesite_stairs":9,"minecraft:chest":1,"minecraft:tall_grass":3,"minecraft:cobblestone":38,"minecraft:deepslate_gold_ore":3,"minecraft:lapis_ore":4,"minecraft:oak_planks":1,"placeablesmod:bread_full_block":14,"minecraft:diorite":1,"minecraft:wall_torch":9,"minecraft:skeleton_skull":2,"supplementaries:urn":15,"minecraft:coarse_dirt":6,"luminousworld:bao_bob_log":1,"minecraft:smooth_stone_slab":3,"minecraft:yellow_bed":6,"minecraft:coal_ore":2,"minecraft:oak_log":10,"luminousworld:ishstone":3,"minecraft:gravel":20,"minecraft:dirt":10,"minecraft:cobweb":64,"minecraft:gold_ore":1,"minecraft:cracked_stone_bricks":3,"minecraft:stone_bricks":5,"luminousworld:elephant_grass":2,"luminousworld:savannah_grass_4":9,"minecraft:mossy_stone_bricks":6,"minecraft:oak_leaves":4,"minecraft:deepslate":161,"luminousworld:savannah_ground":6},"minecraft:used":{"minecraft:acacia_log":3,"minecraft:shield":9,"minecraft:iron_sword":456,"minecraft:orange_bed":1,"minecraft:torch":320,"minecraft:rotten_flesh":15,"endrem:lost_eye":1,"minecraft:dirt":1,"minecraft:tuff":1,"minecraft:acacia_sapling":5,"minecraft:granite":2,"born_in_chaos_v1:corpse_maggot":10,"minecraft:iron_axe":240,"minecraft:polished_andesite_stairs":3,"luminousworld:elephant_grass":3,"minecraft:stone_bricks":1,"minecraft:item_frame":1,"alexscaves:spelunkery_table":1,"tombstone:gift":7,"minecraft:potato":4,"iceandfire:pixie_jar_empty":1,"minecraft:wheat_seeds":11,"minecraft:water_bucket":5,"minecraft:iron_ore":15,"minecraft:bundle":2,"minecraft:gold_ore":9,"luminousworld:baobab_plank":3,"minecraft:golden_apple":3,"minecraft:crafting_table":4,"quark:acacia_chest":54,"alexscaves:cave_book":7,"vanillaplustools:stone_shovel":100,"minecraft:painting":1,"earthmobsmod:duck_egg":1,"minecraft:apple":1,"minecraft:iron_pickaxe":442,"minecraft:bread":210,"tombstone:grave_key":1,"minecraft:brown_wool":1,"minecraft:gravel":3,"minecraft:diamond_sword":234,"minecraft:cobblestone":89,"minecraft:gray_wool":7,"alexsmobs:animal_dictionary":1,"minecraft:bone_meal":1,"minecraft:bucket":5,"minecraft:yellow_bed":5},"minecraft:dropped":{"minecraft:gold_ore":9,"minecraft:iron_sword":1,"iceandfire:raw_silver":1,"minecraft:wheat_seeds":244,"minecraft:lapis_lazuli":20,"minecraft:golden_pickaxe":1,"minecraft:diamond":2,"minecraft:iron_helmet":1,"minecraft:feather":2,"iceandfire:podium_acacia":1,"artifacts:whoopee_cushion":1,"minecraft:granite":18,"minecraft:cracked_stone_bricks":5,"minecraft:mangrove_planks":4,"minecraft:acacia_log":33,"minecraft:rail":26,"minecraft:stick":6,"minecraft:emerald":3,"minecraft:dirt":1,"minecraft:torch":36,"minecraft:tnt_minecart":1,"tombstone:grave_dust":4,"minecraft:iron_pickaxe":3,"undead_revamp2:blacpetalblock":2,"minecraft:iron_shovel":1,"minecraft:string":42,"minecraft:bucket":2,"minecraft:bone":5,"minecraft:gravel":30,"minecraft:iron_nugget":11,"minecraft:detector_rail":8,"alexscaves:cave_tablet":4,"minecraft:wheat":64,"minecraft:experience_bottle":1,"minecraft:raw_iron":18,"minecraft:rotten_flesh":77,"minecraft:filled_map":1,"minecraft:diamond_sword":1,"supplementaries:flax_seeds":1,"minecraft:shield":1,"alexscaves:cave_book":1,"minecraft:skeleton_skull":1,"minecraft:bundle":3,"minecraft:mossy_stone_bricks":1,"minecraft:melon_seeds":4,"born_in_chaos_v1:corpse_maggot":1,"iceandfire:bestiary":1,"minecraft:spider_eye":4,"minecraft:bamboo":1,"minecraft:iron_ore":15,"minecraft:arrow":1,"minecraft:written_book":2,"iceandfire:manuscript":4},"minecraft:crafted":{"minecraft:oak_planks":16,"minecraft:stone_shovel":9,"vanillaplustools:stone_shovel":1,"minecraft:wheat":63,"minecraft:crafting_table":4,"minecraft:iron_sword":2,"minecraft:bucket":1,"minecraft:bread":46,"iceandfire:bestiary":1,"minecraft:shield":1,"minecraft:stick":16,"minecraft:iron_ingot":3,"minecraft:acacia_planks":40,"minecraft:torch":104,"luminousworld:baobab_plank":8},"minecraft:custom":{"minecraft:mob_kills":132,"minecraft:inspect_hopper":1,"minecraft:interact_with_crafting_table":7,"minecraft:open_barrel":3,"minecraft:bell_ring":2,"minecraft:damage_dealt_resisted":486,"minecraft:leave_game":7,"minecraft:time_since_death":15678,"minecraft:climb_one_cm":16396,"minecraft:sprint_one_cm":1002456,"minecraft:walk_one_cm":1042129,"minecraft:damage_blocked_by_shield":255,"minecraft:drop":83,"minecraft:talked_to_villager":3,"minecraft:play_time":413745,"minecraft:sneak_time":34113,"minecraft:deaths":15,"minecraft:walk_under_water_one_cm":31871,"minecraft:jump":4822,"minecraft:walk_on_water_one_cm":41427,"minecraft:total_world_time":413745,"minecraft:interact_with_furnace":2,"tombstone:raider_killed":1,"minecraft:interact_with_loom":7,"minecraft:sleep_in_bed":19,"minecraft:time_since_rest":14742,"minecraft:damage_taken":14784,"minecraft:damage_absorbed":119,"minecraft:trigger_trapped_chest":1,"minecraft:damage_dealt":27256,"tombstone:cast_on_ally":1,"minecraft:swim_one_cm":7309,"minecraft:fly_one_cm":949966,"minecraft:open_chest":141,"minecraft:crouch_one_cm":101531,"tombstone:undead_killed":78,"minecraft:fall_one_cm":75636},"minecraft:broken":{"minecraft:leather_leggings":1,"minecraft:iron_chestplate":1,"aether:iron_gloves":1,"minecraft:iron_axe":1,"minecraft:leather_boots":1,"minecraft:iron_sword":1,"minecraft:iron_pickaxe":2,"aether:leather_gloves":1}},"DataVersion":3465}