{"stats":{"minecraft:killed":{"minecraft:cave_spider":7,"undead_revamp2:the_moonflower":1,"minecraft:vindicator":1,"minecraft:zombie":1,"enemyexpansion:botfly":2,"luminousworld:savannah_zombie":2},"minecraft:killed_by":{"mutantmonsters:mutant_skeleton":5,"minecraft:skeleton":1,"enemyexpansion:invisicreeper":1},"minecraft:picked_up":{"minecraft:charcoal":2,"minecraft:iron_chestplate":1,"minecraft:wheat":139,"minecraft:feather":2,"minecraft:golden_pickaxe":2,"minecraft:filled_map":1,"minecraft:oak_log":8,"supplementaries:flax_seeds":2,"minecraft:yellow_bed":4,"aether:leather_gloves":1,"minecraft:lapis_lazuli":20,"minecraft:string":42,"minecraft:dirt":2,"minecraft:iron_axe":1,"minecraft:leather_boots":1,"minecraft:cracked_stone_bricks":3,"minecraft:stone_bricks":1,"minecraft:apple":1,"undead_revamp2:blacpetalblock":2,"iceandfire:pixie_jar_empty":1,"iceandfire:bestiary":1,"minecraft:wheat_seeds":232,"minecraft:iron_ingot":1,"artifacts:whoopee_cushion":1,"luminousworld:elephant_grass":1,"minecraft:iron_ore":15,"minecraft:written_book":2,"minecraft:mossy_stone_bricks":1,"minecraft:iron_nugget":38,"minecraft:iron_pickaxe":2,"minecraft:bamboo":1,"minecraft:gray_bed":1,"iceandfire:podium_acacia":1,"minecraft:raw_iron":33,"iceandfire:copper_nugget":50,"minecraft:torch":40,"minecraft:gravel":2,"tombstone:grave_dust":2,"minecraft:redstone":4,"minecraft:gold_ore":9,"minecraft:trapped_chest":1,"minecraft:spider_eye":6,"minecraft:bundle":3,"minecraft:orange_bed":1,"minecraft:arrow":1,"minecraft:rotten_flesh":16,"minecraft:diamond":2,"minecraft:hay_block":26,"minecraft:granite":18,"minecraft:bread":6,"minecraft:emerald":3,"minecraft:rail":2,"supplementaries:ash":9,"minecraft:coal":2,"minecraft:skeleton_skull":2,"iceandfire:raw_silver":1,"minecraft:cobblestone":23},"minecraft:mined":{"iceandfire:pixie_jar_empty":1,"iceandfire:silver_ore":1,"iceandfire:copper_pile":6,"iceandfire:podium_acacia":1,"minecraft:torch":2,"luminousworld:savannah_grass_1":1,"minecraft:grass_block":1,"minecraft:cobblestone":17,"minecraft:lapis_ore":4,"minecraft:diorite":1,"placeablesmod:bread_full_block":6,"minecraft:wall_torch":1,"luminousworld:savanna_grass_2":1,"supplementaries:urn":6,"minecraft:hay_block":26,"minecraft:redstone_ore":14,"minecraft:iron_ore":34,"minecraft:yellow_bed":4,"minecraft:rail":2,"minecraft:coal_ore":2,"minecraft:oak_log":10,"minecraft:vine":1,"minecraft:gravel":2,"minecraft:dirt":1,"minecraft:cobweb":63,"minecraft:cracked_stone_bricks":1,"minecraft:stone":7,"minecraft:stone_bricks":5,"minecraft:mossy_stone_bricks":6,"minecraft:gold_ore":1,"minecraft:oak_leaves":4,"minecraft:orange_bed":1},"minecraft:used":{"minecraft:wheat_seeds":6,"minecraft:iron_ore":15,"minecraft:bundle":2,"minecraft:iron_sword":154,"minecraft:gold_ore":9,"minecraft:orange_bed":1,"minecraft:torch":135,"minecraft:dirt":1,"minecraft:crafting_table":4,"minecraft:apple":1,"minecraft:iron_axe":5,"minecraft:bread":44,"minecraft:brown_wool":1,"minecraft:iron_pickaxe":96,"luminousworld:elephant_grass":1,"minecraft:stone_bricks":1,"minecraft:cobblestone":19,"tombstone:gift":2,"alexsmobs:animal_dictionary":1,"minecraft:bucket":1,"minecraft:yellow_bed":3,"iceandfire:pixie_jar_empty":1},"minecraft:dropped":{"minecraft:gold_ore":9,"minecraft:wheat_seeds":226,"minecraft:lapis_lazuli":20,"minecraft:diamond":2,"minecraft:wheat":64,"minecraft:raw_iron":18,"minecraft:experience_bottle":1,"minecraft:feather":2,"minecraft:rotten_flesh":17,"iceandfire:podium_acacia":1,"minecraft:granite":18,"minecraft:emerald":3,"minecraft:filled_map":1,"minecraft:dirt":1,"minecraft:skeleton_skull":1,"minecraft:bundle":3,"minecraft:mossy_stone_bricks":1,"iceandfire:bestiary":1,"tombstone:grave_dust":4,"minecraft:spider_eye":4,"minecraft:bamboo":1,"minecraft:iron_ore":15,"minecraft:arrow":1,"minecraft:string":34,"minecraft:written_book":2,"iceandfire:manuscript":4},"minecraft:crafted":{"minecraft:oak_planks":16,"minecraft:crafting_table":4,"minecraft:iron_sword":1,"minecraft:bread":46,"iceandfire:bestiary":1,"minecraft:stick":16,"minecraft:iron_ingot":3,"minecraft:torch":72,"minecraft:wheat":63},"minecraft:custom":{"minecraft:mob_kills":15,"tombstone:raider_killed":1,"minecraft:open_barrel":1,"minecraft:interact_with_crafting_table":4,"minecraft:bell_ring":2,"minecraft:leave_game":1,"minecraft:time_since_death":32066,"minecraft:sleep_in_bed":9,"minecraft:climb_one_cm":9662,"minecraft:time_since_rest":29667,"minecraft:sprint_one_cm":370602,"minecraft:damage_taken":4104,"minecraft:walk_one_cm":343974,"minecraft:trigger_trapped_chest":1,"minecraft:drop":38,"minecraft:damage_dealt":4262,"minecraft:swim_one_cm":1899,"minecraft:talked_to_villager":3,"minecraft:fly_one_cm":346958,"minecraft:open_chest":20,"minecraft:play_time":138691,"minecraft:crouch_one_cm":31924,"tombstone:undead_killed":4,"minecraft:deaths":8,"minecraft:sneak_time":9180,"minecraft:walk_under_water_one_cm":7621,"minecraft:jump":1608,"minecraft:walk_on_water_one_cm":11698,"minecraft:total_world_time":138691,"minecraft:fall_one_cm":33173},"minecraft:broken":{"aether:leather_gloves":1}},"DataVersion":3465}