{"stats":{"minecraft:killed":{"minecraft:cave_spider":183,"born_in_chaos_v1:zombie_lumberjack":1,"minecraft:spider":1,"undead_revamp2:thesmoker":2,"born_in_chaos_v1:siamese_skeletonsright":2,"born_in_chaos_v1:scarlet_persecutor":1,"undead_revamp2:thepregnant":1,"born_in_chaos_v1:diamond_termite":5,"minecraft:creeper":1,"luminousworld:savannah_skeleton":5,"minecraft:zombie":98,"born_in_chaos_v1:corpse_fly":8,"enemyexpansion:botfly":13,"undead_revamp2:theskeeper":1,"born_in_chaos_v1:siamese_skeletonsleft":2,"enemyexpansion:trollenraged":1,"undead_revamp2:thehunter":1,"undead_revamp2:thegliter":1,"enemyexpansion:intruder":1,"minecraft:vindicator":1,"enemyexpansion:direwolf":2,"born_in_chaos_v1:maggot":16,"enemyexpansion:silverqueen":1,"undead_revamp2:thebidy":1,"minecraft:drowned":2,"luminousworld:savannah_zombie":5,"born_in_chaos_v1:fallen_chaos_knight":1,"earthmobsmod:bouldering_zombie":1,"born_in_chaos_v1:baby_skeleton":1,"undead_revamp2:the_moonflower":4,"undead_revamp2:thesomnolence":6,"alexsmobs:cockroach":1},"minecraft:killed_by":{"minecraft:zombie":1,"enemyexpansion:invisicreeper":1,"minecraft:player":1,"mutantmonsters:mutant_skeleton":5,"minecraft:skeleton":1},"minecraft:mined":{"iceandfire:copper_pile":6,"placeablesmod:melon_block_1":2,"minecraft:spruce_trapdoor":4,"minecraft:granite":2,"minecraft:acacia_log":223,"luminousworld:bao_bob_wood":1,"minecraft:grass_block":1,"ad_astra:compressor":4,"luminousworld:savanna_grass_2":9,"minecraft:smooth_stone":1,"minecraft:mossy_cobblestone_stairs":1,"minecraft:iron_ore":91,"minecraft:cobbled_deepslate":15,"minecraft:fire":2,"minecraft:deepslate_lapis_ore":3,"placeablesmod:empty_bucket_block":1,"minecraft:orange_bed":1,"minecraft:cyan_terracotta":6,"iceandfire:podium_acacia":1,"born_in_chaos_v1:infected_deepslate_diamond_ore":2,"minecraft:torch":12,"minecraft:blast_furnace":1,"minecraft:polished_andesite_stairs":14,"minecraft:chest":1,"minecraft:cobblestone":80,"minecraft:potted_acacia_sapling":1,"minecraft:oak_planks":1,"placeablesmod:bread_full_block":17,"minecraft:wall_torch":22,"minecraft:skeleton_skull":2,"minecraft:seagrass":1,"luminousworld:bao_bob_log":1,"minecraft:smooth_stone_slab":3,"minecraft:oak_log":10,"minecraft:dirt":14,"luminousworld:savannah_grass_4":10,"minecraft:oak_leaves":4,"minecraft:deepslate":2510,"luminousworld:savannah_ground":15,"minecraft:yellow_terracotta":12,"alexscaves:spelunkery_table":1,"minecraft:diamond_ore":1,"minecraft:tuff":560,"iceandfire:silver_ore":2,"minecraft:mossy_cobblestone":2,"minecraft:deepslate_diamond_ore":16,"iceandfire:deepslate_silver_ore":1,"quark:acacia_chest":7,"minecraft:hay_block":45,"minecraft:redstone_ore":14,"minecraft:furnace":2,"placeablesmod:water_bucket_block":1,"minecraft:deepslate_iron_ore":33,"minecraft:vine":2,"minecraft:rail":2,"minecraft:stone":422,"iceandfire:pixie_jar_empty":1,"luminousworld:savannah_soil":116,"minecraft:acacia_leaves":28,"minecraft:soul_sand":61,"luminousworld:savannah_grass_1":8,"ad_astra:etrionic_blast_furnace":5,"minecraft:tall_grass":3,"minecraft:copper_ore":9,"minecraft:lapis_ore":4,"minecraft:deepslate_gold_ore":3,"minecraft:diorite":84,"supplementaries:urn":19,"minecraft:spruce_stairs":1,"minecraft:coarse_dirt":6,"minecraft:acacia_fence_gate":2,"minecraft:yellow_bed":6,"minecraft:coal_ore":37,"luminousworld:ishstone":28,"minecraft:gravel":43,"ad_astra:coal_generator":1,"minecraft:cobweb":78,"minecraft:cracked_stone_bricks":4,"minecraft:polished_andesite":1,"minecraft:stone_bricks":5,"luminousworld:elephant_grass":2,"minecraft:mossy_stone_bricks":7,"minecraft:gold_ore":15},"minecraft:picked_up":{"minecraft:iron_chestplate":4,"minecraft:wheat":448,"minecraft:flower_pot":2,"supplementaries:bomb_blue":1,"minecraft:diamond_sword":13,"alexscaves:cave_tablet":4,"minecraft:enchanted_book":1,"minecraft:string":87,"minecraft:raw_copper":160,"minecraft:smooth_stone_slab":1,"minecraft:iron_leggings":1,"minecraft:cobbled_deepslate":1065,"minecraft:smooth_stone":1,"minecraft:tnt_minecart":1,"earthmobsmod:duck_egg":1,"minecraft:bucket":1,"minecraft:acacia_fence_gate":2,"minecraft:redstone_torch":1,"minecraft:written_book":2,"minecraft:iron_pickaxe":7,"minecraft:melon_slice":2,"minecraft:furnace":2,"minecraft:iron_boots":1,"minecraft:stick":67,"minecraft:acacia_fence":1,"minecraft:torch":165,"minecraft:acacia_log":250,"minecraft:spruce_stairs":1,"luminousworld:savannah_soil":106,"iceandfire:rotten_egg":3,"tombstone:grave_dust":13,"minecraft:diorite":73,"minecraft:orange_bed":1,"minecraft:rotten_flesh":181,"aether:chainmail_gloves":1,"supplementaries:antique_ink":3,"minecraft:cyan_terracotta":6,"ad_astra:etrionic_blast_furnace":5,"supplementaries:ash":35,"ad_astra:iron_rod":6,"minecraft:blaze_powder":5,"minecraft:cobblestone":502,"luminousworld:savannah_ground":13,"minecraft:leather_chestplate":1,"minecraft:feather":2,"minecraft:water_bucket":1,"minecraft:potato":4,"alexscaves:cave_book":1,"minecraft:flint":10,"minecraft:tuff":371,"supplementaries:flax_seeds":3,"undead_revamp2:huntereye":1,"ad_astra:coal_generator":1,"minecraft:lapis_lazuli":29,"minecraft:dirt":9,"minecraft:leather_boots":3,"minecraft:bone":15,"ad_astra:compressor":4,"undead_revamp2:blacpetalblock":2,"minecraft:wheat_seeds":584,"minecraft:raw_gold":4,"luminousworld:elephant_grass":4,"minecraft:mossy_stone_bricks":2,"minecraft:bamboo":1,"minecraft:oak_planks":3,"endrem:lost_eye":2,"sophisticatedbackpacks:iron_backpack":1,"minecraft:dead_bush":1,"minecraft:trapped_chest":1,"minecraft:mossy_cobblestone":3,"ad_astra:iron_plate":2,"minecraft:bundle":5,"minecraft:iron_hoe":1,"minecraft:diamond":28,"minecraft:lever":1,"minecraft:granite":20,"minecraft:bone_meal":1,"minecraft:emerald":3,"minecraft:spruce_sign":4,"minecraft:bread":61,"luminousworld:bao_bob_log":1,"minecraft:diamond_pickaxe":1,"iceandfire:raw_silver":4,"minecraft:coarse_dirt":1,"minecraft:charcoal":4,"sophisticatedbackpacks:gold_backpack":1,"born_in_chaos_v1:diamond_termite_shard":3,"minecraft:chest_minecart":1,"minecraft:golden_pickaxe":3,"minecraft:leather_leggings":1,"minecraft:brown_mushroom":1,"luminousworld:bao_bob_wood":1,"ad_astra:tier_1_rocket":1,"minecraft:shield":2,"aether:leather_gloves":3,"minecraft:iron_axe":2,"minecraft:item_frame":1,"minecraft:white_carpet":2,"minecraft:iron_shovel":3,"minecraft:cracked_stone_bricks":6,"iceandfire:bestiary":1,"minecraft:detector_rail":8,"minecraft:iron_nugget":48,"iceandfire:podium_acacia":1,"minecraft:spruce_trapdoor":4,"minecraft:raw_iron":40,"iceandfire:troll_tusk":2,"minecraft:copper_ingot":27,"sophisticatedbackpacks:crafting_upgrade":1,"minecraft:carrot":34,"minecraft:redstone":4,"tombstone:scroll_of_purification":1,"ad_astra:steel_ingot":6,"ad_astra:steel_plate":31,"minecraft:arrow":1,"minecraft:beetroot_seeds":6,"quark:acacia_chest":8,"minecraft:hay_block":44,"alexscaves:spelunkery_table":1,"minecraft:stripped_dark_oak_wood":1,"minecraft:yellow_terracotta":7,"minecraft:gold_ingot":16,"minecraft:oxeye_daisy":2,"minecraft:rail":43,"minecraft:skeleton_skull":4,"minecraft:bone_block":13,"born_in_chaos_v1:fused_bone":3,"born_in_chaos_v1:corpse_maggot":20,"artifacts:eternal_steak":7,"luminousworld:ishstone":22,"alexsmobs:acacia_blossom":2,"minecraft:red_mushroom":1,"minecraft:filled_map":1,"minecraft:oak_log":10,"minecraft:golden_boots":1,"minecraft:yellow_bed":6,"minecraft:gunpowder":7,"minecraft:paper":6,"minecraft:white_banner":3,"minecraft:apple":1,"minecraft:stone_bricks":1,"iceandfire:pixie_jar_empty":1,"alexsmobs:cockroach_wing_fragment":1,"artifacts:whoopee_cushion":1,"minecraft:iron_ingot":199,"minecraft:stone_pickaxe":1,"minecraft:iron_ore":15,"minecraft:mangrove_planks":10,"minecraft:gray_bed":1,"minecraft:acacia_sapling":10,"minecraft:soul_sand":3,"minecraft:polished_andesite_stairs":12,"iceandfire:copper_nugget":50,"born_in_chaos_v1:ethereal_spirit":1,"minecraft:gravel":62,"minecraft:blast_furnace":2,"minecraft:gold_ore":9,"minecraft:spider_eye":13,"minecraft:leather_helmet":1,"minecraft:slime_ball":4,"minecraft:chainmail_leggings":2,"minecraft:iron_helmet":2,"minecraft:painting":2,"minecraft:mossy_cobblestone_stairs":1,"tombstone:magic_scroll":3,"minecraft:brown_banner":2,"minecraft:melon_seeds":8,"minecraft:coal":187},"minecraft:used":{"minecraft:shield":43,"minecraft:iron_sword":456,"luminousworld:savannah_ground":6,"minecraft:rotten_flesh":18,"minecraft:carrot":3,"minecraft:acacia_sapling":5,"minecraft:tuff":22,"born_in_chaos_v1:corpse_maggot":17,"minecraft:polished_andesite_stairs":9,"luminousworld:elephant_grass":3,"minecraft:stone_bricks":1,"minecraft:item_frame":1,"minecraft:potato":4,"iceandfire:pixie_jar_empty":1,"ad_astra:etrionic_blast_furnace":6,"minecraft:mossy_stone_bricks":1,"ad_astra:compressor":4,"artifacts:eternal_steak":59,"minecraft:diamond_axe":19,"luminousworld:baobab_plank":3,"minecraft:golden_apple":3,"alexscaves:cave_book":7,"minecraft:blast_furnace":2,"earthmobsmod:duck_egg":1,"minecraft:melon_slice":1,"minecraft:bread":269,"minecraft:brown_wool":1,"tombstone:grave_key":1,"minecraft:gravel":6,"minecraft:diamond_sword":794,"minecraft:smooth_stone_slab":1,"minecraft:golden_pickaxe":36,"minecraft:bone_meal":1,"minecraft:experience_bottle":4,"minecraft:acacia_log":3,"minecraft:flint_and_steel":3,"vanillaplustools:stone_hammer":388,"minecraft:orange_bed":1,"minecraft:torch":583,"endrem:lost_eye":1,"minecraft:dirt":1,"minecraft:granite":2,"minecraft:iron_axe":240,"alexscaves:spelunkery_table":1,"artifacts:everlasting_beef":1,"tombstone:gift":7,"minecraft:cobbled_deepslate":62,"ad_astra:coal_generator":1,"minecraft:wheat_seeds":11,"minecraft:water_bucket":24,"minecraft:iron_ore":15,"minecraft:bundle":2,"luminousworld:ishstone":1,"minecraft:gold_ore":9,"minecraft:cracked_stone_bricks":1,"minecraft:crafting_table":5,"quark:acacia_chest":54,"vanillaplustools:stone_shovel":100,"minecraft:painting":1,"minecraft:apple":1,"minecraft:iron_pickaxe":676,"minecraft:cobblestone":128,"minecraft:bucket":25,"minecraft:yellow_bed":5,"alexsmobs:animal_dictionary":1,"minecraft:gray_wool":7},"minecraft:dropped":{"sophisticatedbackpacks:iron_backpack":1,"minecraft:gold_ore":9,"minecraft:spruce_sign":2,"minecraft:iron_sword":1,"iceandfire:raw_silver":1,"minecraft:lapis_lazuli":20,"minecraft:golden_pickaxe":1,"minecraft:diamond":2,"iceandfire:podium_acacia":1,"minecraft:mangrove_planks":4,"minecraft:cracked_stone_bricks":5,"minecraft:rail":26,"minecraft:flint":3,"minecraft:emerald":3,"minecraft:dirt":1,"ad_astra:compressor":1,"minecraft:tnt_minecart":1,"minecraft:iron_pickaxe":4,"undead_revamp2:blacpetalblock":2,"minecraft:bone":5,"minecraft:gravel":33,"minecraft:iron_nugget":11,"minecraft:detector_rail":8,"alexscaves:cave_tablet":4,"minecraft:wheat":64,"minecraft:rotten_flesh":77,"minecraft:carrot":12,"supplementaries:flax_seeds":1,"supplementaries:ash":12,"alexscaves:cave_book":1,"minecraft:skeleton_skull":1,"minecraft:charcoal":1,"minecraft:beetroot_seeds":6,"minecraft:melon_seeds":4,"born_in_chaos_v1:corpse_maggot":1,"iceandfire:bestiary":1,"vanillaplustools:stone_hammer":1,"minecraft:iron_ore":15,"minecraft:arrow":1,"minecraft:written_book":2,"iceandfire:manuscript":4,"minecraft:bread":41,"minecraft:iron_ingot":21,"minecraft:wheat_seeds":244,"minecraft:feather":2,"minecraft:iron_helmet":1,"artifacts:whoopee_cushion":1,"minecraft:granite":18,"minecraft:copper_ingot":27,"minecraft:acacia_log":33,"minecraft:coal":69,"minecraft:stick":32,"minecraft:torch":63,"ad_astra:steel_ingot":3,"tombstone:grave_dust":4,"minecraft:iron_axe":1,"minecraft:paper":18,"minecraft:iron_shovel":1,"minecraft:string":46,"minecraft:bucket":2,"minecraft:raw_copper":146,"minecraft:raw_iron":18,"minecraft:experience_bottle":1,"minecraft:filled_map":2,"minecraft:diamond_sword":2,"minecraft:shield":1,"minecraft:bundle":3,"minecraft:iron_chestplate":3,"minecraft:mossy_stone_bricks":1,"artifacts:eternal_steak":7,"minecraft:spider_eye":4,"minecraft:bamboo":1,"minecraft:stone_pickaxe":1},"minecraft:crafted":{"minecraft:oak_planks":16,"minecraft:lightning_rod":1,"vanillaplustools:stone_shovel":1,"minecraft:crafting_table":5,"ad_astra:etrionic_blast_furnace":1,"minecraft:iron_chestplate":1,"minecraft:charcoal":5,"minecraft:shield":1,"minecraft:stick":84,"minecraft:iron_ingot":3,"artifacts:eternal_steak":1,"minecraft:stone_shovel":9,"vanillaplustools:stone_hammer":2,"ad_astra:gas_tank":2,"ad_astra:fan":1,"minecraft:piston":2,"minecraft:flint_and_steel":1,"ad_astra:compressor":1,"ad_astra:steel_tank":2,"ad_astra:steel_rod":12,"minecraft:stone_pickaxe":5,"minecraft:wheat":63,"ad_astra:rocket_nose_cone":1,"ad_astra:steel_engine":1,"minecraft:iron_sword":2,"minecraft:bucket":1,"minecraft:air":0,"minecraft:bread":46,"iceandfire:bestiary":1,"minecraft:raw_gold":36,"ad_astra:engine_frame":1,"minecraft:acacia_planks":76,"minecraft:torch":192,"ad_astra:rocket_fin":4,"luminousworld:baobab_plank":8},"minecraft:custom":{"minecraft:animals_bred":6,"minecraft:interact_with_crafting_table":8,"minecraft:open_barrel":18,"minecraft:bell_ring":17,"minecraft:leave_game":12,"minecraft:time_since_death":85920,"minecraft:sprint_one_cm":1799900,"minecraft:damage_blocked_by_shield":2485,"minecraft:drop":126,"minecraft:talked_to_villager":3,"minecraft:play_time":718013,"minecraft:deaths":18,"minecraft:jump":7848,"minecraft:walk_on_water_one_cm":99786,"minecraft:interact_with_furnace":12,"minecraft:interact_with_loom":7,"minecraft:sleep_in_bed":35,"minecraft:damage_dealt":63469,"minecraft:crouch_one_cm":180018,"tombstone:undead_killed":129,"minecraft:interact_with_anvil":1,"minecraft:mob_kills":385,"minecraft:inspect_hopper":1,"minecraft:damage_dealt_resisted":581,"minecraft:climb_one_cm":37795,"minecraft:walk_one_cm":1678543,"minecraft:sneak_time":64640,"minecraft:walk_under_water_one_cm":57923,"minecraft:interact_with_blast_furnace":5,"minecraft:total_world_time":718013,"tombstone:raider_killed":1,"minecraft:time_since_rest":350,"minecraft:damage_taken":22907,"minecraft:damage_absorbed":119,"minecraft:trigger_trapped_chest":1,"tombstone:cast_on_ally":1,"minecraft:swim_one_cm":31962,"minecraft:fly_one_cm":1544776,"minecraft:open_chest":291,"minecraft:fall_one_cm":131440},"minecraft:broken":{"minecraft:leather_leggings":1,"minecraft:iron_boots":1,"minecraft:iron_chestplate":1,"minecraft:iron_sword":1,"aether:chainmail_gloves":1,"aether:iron_gloves":1,"vanillaplustools:stone_hammer":2,"minecraft:iron_axe":1,"minecraft:leather_boots":1,"minecraft:iron_pickaxe":2,"minecraft:iron_helmet":1,"aether:leather_gloves":1}},"DataVersion":3465}