{"stats":{"minecraft:dropped":{"iceandfire:bestiary":1,"minecraft:string":11,"iceandfire:manuscript":4},"minecraft:crafted":{"minecraft:oak_planks":8,"iceandfire:bestiary":1,"minecraft:crafting_table":2,"minecraft:stick":16,"minecraft:iron_sword":1,"minecraft:torch":32,"minecraft:bread":19},"minecraft:killed":{"minecraft:vindicator":1,"luminousworld:savannah_zombie":1},"minecraft:used":{"minecraft:wheat_seeds":6,"minecraft:apple":1,"minecraft:brown_wool":1,"minecraft:bread":13,"minecraft:iron_pickaxe":3,"minecraft:iron_sword":39,"luminousworld:elephant_grass":1,"minecraft:torch":10,"minecraft:cobblestone":5,"minecraft:crafting_table":2,"tombstone:gift":2,"alexsmobs:animal_dictionary":1,"iceandfire:pixie_jar_empty":1},"minecraft:picked_up":{"minecraft:iron_chestplate":1,"iceandfire:copper_nugget":50,"minecraft:wheat":139,"minecraft:oak_log":8,"aether:leather_gloves":1,"minecraft:dirt":1,"minecraft:string":13,"minecraft:iron_axe":1,"minecraft:orange_bed":1,"minecraft:arrow":1,"minecraft:apple":1,"iceandfire:pixie_jar_empty":1,"iceandfire:bestiary":1,"minecraft:wheat_seeds":230,"minecraft:hay_block":26,"artifacts:whoopee_cushion":1,"luminousworld:elephant_grass":1,"minecraft:emerald":1,"minecraft:iron_pickaxe":1,"iceandfire:podium_acacia":1,"minecraft:coal":2,"minecraft:skeleton_skull":1,"minecraft:cobblestone":11},"minecraft:killed_by":{"minecraft:skeleton":1,"mutantmonsters:mutant_skeleton":5,"enemyexpansion:invisicreeper":1},"minecraft:custom":{"minecraft:time_since_rest":583,"minecraft:sprint_one_cm":194385,"minecraft:damage_taken":2403,"minecraft:walk_one_cm":154310,"minecraft:mob_kills":3,"minecraft:drop":6,"tombstone:raider_killed":1,"minecraft:damage_dealt":1562,"minecraft:swim_one_cm":493,"minecraft:interact_with_crafting_table":2,"minecraft:fly_one_cm":238039,"minecraft:talked_to_villager":3,"minecraft:open_chest":13,"minecraft:play_time":70814,"minecraft:crouch_one_cm":9492,"tombstone:undead_killed":1,"minecraft:deaths":7,"minecraft:bell_ring":2,"minecraft:sneak_time":2087,"minecraft:walk_under_water_one_cm":3108,"minecraft:jump":942,"minecraft:time_since_death":1616,"minecraft:walk_on_water_one_cm":4945,"minecraft:sleep_in_bed":5,"minecraft:total_world_time":70814,"minecraft:fall_one_cm":16829},"minecraft:mined":{"iceandfire:pixie_jar_empty":1,"minecraft:hay_block":26,"iceandfire:copper_pile":6,"iceandfire:podium_acacia":1,"luminousworld:savannah_grass_1":1,"minecraft:oak_log":10,"minecraft:grass_block":1,"minecraft:coal_ore":2,"minecraft:cobweb":14,"minecraft:stone":1,"luminousworld:savanna_grass_2":1,"minecraft:oak_leaves":4,"minecraft:orange_bed":1}},"DataVersion":3465}