{"stats":{"minecraft:killed":{"minecraft:cave_spider":8,"born_in_chaos_v1:zombie_lumberjack":1,"undead_revamp2:thegliter":1,"minecraft:spider":1,"minecraft:vindicator":1,"undead_revamp2:thesmoker":1,"enemyexpansion:direwolf":1,"born_in_chaos_v1:siamese_skeletonsright":1,"born_in_chaos_v1:maggot":2,"luminousworld:savannah_zombie":3,"earthmobsmod:bouldering_zombie":1,"born_in_chaos_v1:diamond_termite":2,"born_in_chaos_v1:baby_skeleton":1,"undead_revamp2:the_moonflower":1,"minecraft:creeper":1,"luminousworld:savannah_skeleton":3,"minecraft:zombie":6,"enemyexpansion:botfly":2,"born_in_chaos_v1:siamese_skeletonsleft":1},"minecraft:killed_by":{"mutantmonsters:mutant_skeleton":5,"minecraft:skeleton":1,"enemyexpansion:invisicreeper":1},"minecraft:mined":{"alexscaves:spelunkery_table":1,"minecraft:diamond_ore":1,"minecraft:tuff":14,"iceandfire:silver_ore":1,"iceandfire:copper_pile":6,"minecraft:granite":2,"minecraft:grass_block":1,"quark:acacia_chest":1,"luminousworld:savanna_grass_2":1,"minecraft:hay_block":37,"minecraft:redstone_ore":14,"minecraft:iron_ore":45,"minecraft:deepslate_iron_ore":21,"minecraft:vine":1,"minecraft:rail":2,"minecraft:stone":70,"minecraft:orange_bed":1,"iceandfire:pixie_jar_empty":1,"iceandfire:podium_acacia":1,"minecraft:torch":7,"luminousworld:savannah_grass_1":1,"minecraft:cobblestone":22,"minecraft:lapis_ore":4,"minecraft:deepslate_gold_ore":3,"minecraft:oak_planks":1,"placeablesmod:bread_full_block":8,"minecraft:diorite":1,"minecraft:wall_torch":5,"supplementaries:urn":15,"minecraft:yellow_bed":6,"minecraft:oak_log":10,"minecraft:coal_ore":2,"luminousworld:ishstone":3,"minecraft:gravel":12,"minecraft:dirt":1,"minecraft:cobweb":63,"minecraft:cracked_stone_bricks":3,"minecraft:stone_bricks":5,"luminousworld:savannah_grass_4":1,"minecraft:mossy_stone_bricks":6,"minecraft:gold_ore":1,"minecraft:oak_leaves":4,"minecraft:deepslate":161},"minecraft:picked_up":{"sophisticatedbackpacks:gold_backpack":1,"minecraft:charcoal":2,"minecraft:wheat":210,"minecraft:iron_chestplate":1,"minecraft:golden_pickaxe":3,"supplementaries:bomb_blue":1,"alexscaves:cave_tablet":4,"minecraft:shield":1,"aether:leather_gloves":1,"minecraft:string":44,"minecraft:iron_axe":1,"minecraft:cracked_stone_bricks":5,"iceandfire:bestiary":1,"minecraft:cobbled_deepslate":128,"minecraft:tnt_minecart":1,"minecraft:written_book":2,"minecraft:iron_nugget":38,"minecraft:iron_pickaxe":2,"iceandfire:podium_acacia":1,"minecraft:stick":13,"minecraft:raw_iron":33,"sophisticatedbackpacks:crafting_upgrade":1,"minecraft:torch":121,"tombstone:grave_dust":2,"minecraft:redstone":4,"minecraft:orange_bed":1,"minecraft:arrow":1,"minecraft:rotten_flesh":27,"minecraft:hay_block":36,"alexscaves:spelunkery_table":1,"supplementaries:ash":9,"minecraft:rail":2,"minecraft:skeleton_skull":2,"minecraft:cobblestone":91,"born_in_chaos_v1:corpse_maggot":1,"minecraft:feather":2,"minecraft:filled_map":1,"alexscaves:cave_book":1,"minecraft:oak_log":8,"supplementaries:flax_seeds":3,"minecraft:yellow_bed":6,"minecraft:lapis_lazuli":20,"minecraft:paper":6,"minecraft:dirt":2,"minecraft:leather_boots":1,"minecraft:bone":10,"minecraft:stone_bricks":1,"minecraft:apple":1,"undead_revamp2:blacpetalblock":2,"iceandfire:pixie_jar_empty":1,"minecraft:wheat_seeds":250,"luminousworld:elephant_grass":1,"minecraft:iron_ingot":27,"artifacts:whoopee_cushion":1,"minecraft:iron_ore":15,"minecraft:mossy_stone_bricks":1,"minecraft:gray_bed":1,"minecraft:bamboo":1,"minecraft:mangrove_planks":10,"iceandfire:copper_nugget":50,"endrem:lost_eye":1,"minecraft:gravel":32,"minecraft:gold_ore":9,"minecraft:trapped_chest":1,"minecraft:spider_eye":6,"minecraft:bundle":3,"minecraft:diamond":3,"minecraft:iron_helmet":1,"minecraft:granite":20,"minecraft:bone_meal":1,"minecraft:emerald":3,"minecraft:bread":31,"tombstone:magic_scroll":2,"minecraft:coal":2,"iceandfire:raw_silver":1},"minecraft:used":{"minecraft:iron_sword":235,"minecraft:orange_bed":1,"endrem:lost_eye":1,"minecraft:torch":234,"minecraft:dirt":1,"minecraft:granite":2,"minecraft:iron_axe":11,"luminousworld:elephant_grass":1,"minecraft:stone_bricks":1,"alexscaves:spelunkery_table":1,"tombstone:gift":2,"iceandfire:pixie_jar_empty":1,"minecraft:wheat_seeds":6,"minecraft:water_bucket":1,"minecraft:iron_ore":15,"minecraft:bundle":2,"minecraft:gold_ore":9,"minecraft:golden_apple":2,"minecraft:crafting_table":4,"alexscaves:cave_book":4,"minecraft:apple":1,"minecraft:bread":75,"minecraft:brown_wool":1,"minecraft:iron_pickaxe":384,"minecraft:cobblestone":50,"minecraft:bucket":2,"alexsmobs:animal_dictionary":1,"minecraft:yellow_bed":5,"minecraft:gray_wool":7,"minecraft:bone_meal":1},"minecraft:dropped":{"minecraft:gold_ore":9,"iceandfire:raw_silver":1,"minecraft:wheat_seeds":244,"minecraft:lapis_lazuli":20,"minecraft:golden_pickaxe":1,"minecraft:diamond":2,"minecraft:feather":2,"iceandfire:podium_acacia":1,"artifacts:whoopee_cushion":1,"minecraft:granite":18,"minecraft:mangrove_planks":4,"minecraft:cracked_stone_bricks":5,"minecraft:stick":6,"minecraft:emerald":3,"minecraft:dirt":1,"minecraft:tnt_minecart":1,"tombstone:grave_dust":4,"undead_revamp2:blacpetalblock":2,"minecraft:string":36,"minecraft:bone":5,"minecraft:gravel":30,"minecraft:iron_nugget":11,"alexscaves:cave_tablet":4,"minecraft:wheat":64,"minecraft:raw_iron":18,"minecraft:experience_bottle":1,"minecraft:rotten_flesh":28,"minecraft:filled_map":1,"supplementaries:flax_seeds":1,"minecraft:shield":1,"alexscaves:cave_book":1,"minecraft:bundle":3,"minecraft:skeleton_skull":1,"born_in_chaos_v1:corpse_maggot":1,"minecraft:mossy_stone_bricks":1,"iceandfire:bestiary":1,"minecraft:spider_eye":4,"minecraft:bamboo":1,"minecraft:iron_ore":15,"minecraft:arrow":1,"minecraft:written_book":2,"iceandfire:manuscript":4},"minecraft:crafted":{"minecraft:oak_planks":16,"minecraft:wheat":63,"minecraft:crafting_table":4,"minecraft:iron_sword":2,"minecraft:bread":46,"iceandfire:bestiary":1,"minecraft:shield":1,"minecraft:stick":16,"minecraft:iron_ingot":3,"minecraft:torch":72},"minecraft:custom":{"minecraft:mob_kills":39,"minecraft:interact_with_crafting_table":7,"minecraft:open_barrel":3,"minecraft:bell_ring":2,"minecraft:damage_dealt_resisted":200,"minecraft:leave_game":3,"minecraft:time_since_death":49489,"minecraft:climb_one_cm":12796,"minecraft:sprint_one_cm":533311,"minecraft:walk_one_cm":530091,"minecraft:drop":63,"minecraft:talked_to_villager":3,"minecraft:play_time":218314,"minecraft:sneak_time":18061,"minecraft:deaths":9,"minecraft:walk_under_water_one_cm":12215,"minecraft:jump":2734,"minecraft:walk_on_water_one_cm":15624,"minecraft:total_world_time":218314,"minecraft:interact_with_furnace":2,"tombstone:raider_killed":1,"minecraft:interact_with_loom":6,"minecraft:sleep_in_bed":11,"minecraft:time_since_rest":12429,"minecraft:damage_taken":5914,"minecraft:damage_absorbed":80,"minecraft:trigger_trapped_chest":1,"minecraft:damage_dealt":8407,"minecraft:swim_one_cm":3129,"minecraft:fly_one_cm":534965,"minecraft:open_chest":22,"minecraft:crouch_one_cm":53722,"tombstone:undead_killed":20,"minecraft:fall_one_cm":45981},"minecraft:broken":{"minecraft:leather_boots":1,"minecraft:iron_sword":1,"minecraft:iron_pickaxe":1,"aether:leather_gloves":1}},"DataVersion":3465}