{"stats":{"minecraft:dropped":{"minecraft:dirt":1,"minecraft:bundle":1,"iceandfire:bestiary":1,"minecraft:iron_ore":15,"minecraft:string":11,"iceandfire:manuscript":4},"minecraft:crafted":{"minecraft:oak_planks":16,"minecraft:crafting_table":3,"minecraft:iron_sword":1,"minecraft:bread":46,"iceandfire:bestiary":1,"minecraft:stick":16,"minecraft:torch":32},"minecraft:broken":{"aether:leather_gloves":1},"minecraft:killed":{"minecraft:vindicator":1,"minecraft:zombie":1,"luminousworld:savannah_zombie":1},"minecraft:used":{"minecraft:wheat_seeds":6,"minecraft:bundle":1,"minecraft:iron_sword":85,"minecraft:orange_bed":1,"minecraft:torch":11,"minecraft:crafting_table":3,"minecraft:apple":1,"minecraft:bread":25,"minecraft:brown_wool":1,"minecraft:iron_pickaxe":4,"luminousworld:elephant_grass":1,"minecraft:cobblestone":11,"minecraft:yellow_bed":2,"tombstone:gift":2,"alexsmobs:animal_dictionary":1,"iceandfire:pixie_jar_empty":1},"minecraft:picked_up":{"minecraft:iron_chestplate":1,"minecraft:wheat":139,"minecraft:oak_log":8,"minecraft:yellow_bed":3,"aether:leather_gloves":1,"minecraft:string":14,"minecraft:dirt":1,"minecraft:iron_axe":1,"minecraft:apple":1,"iceandfire:pixie_jar_empty":1,"iceandfire:bestiary":1,"minecraft:wheat_seeds":230,"luminousworld:elephant_grass":1,"artifacts:whoopee_cushion":1,"minecraft:iron_ore":15,"minecraft:iron_pickaxe":1,"iceandfire:podium_acacia":1,"iceandfire:copper_nugget":50,"minecraft:orange_bed":1,"minecraft:bundle":3,"minecraft:arrow":1,"minecraft:rotten_flesh":5,"minecraft:hay_block":26,"minecraft:emerald":1,"supplementaries:ash":1,"minecraft:skeleton_skull":1,"minecraft:coal":2,"minecraft:cobblestone":14},"minecraft:killed_by":{"mutantmonsters:mutant_skeleton":5,"minecraft:skeleton":1,"enemyexpansion:invisicreeper":1},"minecraft:custom":{"minecraft:mob_kills":4,"tombstone:raider_killed":1,"minecraft:interact_with_crafting_table":3,"minecraft:bell_ring":2,"minecraft:time_since_death":13616,"minecraft:sleep_in_bed":8,"minecraft:time_since_rest":68,"minecraft:sprint_one_cm":212154,"minecraft:damage_taken":3140,"minecraft:walk_one_cm":194515,"minecraft:drop":9,"minecraft:damage_dealt":3042,"minecraft:swim_one_cm":1417,"minecraft:talked_to_villager":3,"minecraft:fly_one_cm":257111,"minecraft:open_chest":13,"minecraft:crouch_one_cm":17410,"minecraft:play_time":82814,"tombstone:undead_killed":2,"minecraft:deaths":7,"minecraft:sneak_time":4052,"minecraft:walk_under_water_one_cm":5533,"minecraft:jump":1113,"minecraft:walk_on_water_one_cm":5430,"minecraft:total_world_time":82814,"minecraft:fall_one_cm":26152},"minecraft:mined":{"iceandfire:pixie_jar_empty":1,"iceandfire:copper_pile":6,"iceandfire:podium_acacia":1,"luminousworld:savannah_grass_1":1,"minecraft:grass_block":1,"minecraft:cobblestone":1,"luminousworld:savanna_grass_2":1,"minecraft:hay_block":26,"minecraft:yellow_bed":3,"minecraft:coal_ore":2,"minecraft:oak_log":10,"minecraft:cobweb":15,"minecraft:stone":1,"minecraft:oak_leaves":4,"minecraft:orange_bed":1}},"DataVersion":3465}