{"stats":{"minecraft:mined":{"minecraft:oak_log":6},"minecraft:picked_up":{"minecraft:iron_chestplate":1,"minecraft:oak_log":4,"minecraft:iron_pickaxe":1,"minecraft:apple":1},"minecraft:custom":{"minecraft:jump":55,"minecraft:open_chest":2,"minecraft:time_since_rest":4755,"minecraft:sleep_in_bed":1,"minecraft:damage_dealt":10,"minecraft:crouch_one_cm":1823,"minecraft:sprint_one_cm":9683,"minecraft:play_time":13087,"minecraft:time_since_death":13087,"minecraft:walk_one_cm":34323,"minecraft:bell_ring":2,"minecraft:sneak_time":347,"minecraft:total_world_time":13087,"minecraft:talked_to_villager":2,"minecraft:fall_one_cm":1254,"minecraft:fly_one_cm":12299},"minecraft:used":{"alexsmobs:animal_dictionary":1}},"DataVersion":3465}