{"stats":{"minecraft:killed":{"undead_revamp2:the_moonflower":1,"minecraft:vindicator":1,"minecraft:zombie":1,"enemyexpansion:botfly":2,"luminousworld:savannah_zombie":2},"minecraft:killed_by":{"mutantmonsters:mutant_skeleton":5,"minecraft:skeleton":1,"enemyexpansion:invisicreeper":1},"minecraft:picked_up":{"minecraft:charcoal":2,"minecraft:iron_chestplate":1,"minecraft:wheat":139,"minecraft:feather":2,"minecraft:golden_pickaxe":2,"minecraft:oak_log":8,"supplementaries:flax_seeds":2,"minecraft:yellow_bed":4,"aether:leather_gloves":1,"minecraft:lapis_lazuli":20,"minecraft:string":15,"minecraft:dirt":1,"minecraft:iron_axe":1,"minecraft:cracked_stone_bricks":2,"minecraft:apple":1,"undead_revamp2:blacpetalblock":2,"iceandfire:pixie_jar_empty":1,"iceandfire:bestiary":1,"minecraft:wheat_seeds":232,"minecraft:iron_ingot":1,"luminousworld:elephant_grass":1,"artifacts:whoopee_cushion":1,"minecraft:iron_ore":15,"minecraft:written_book":2,"minecraft:iron_nugget":29,"minecraft:iron_pickaxe":2,"minecraft:bamboo":1,"minecraft:gray_bed":1,"iceandfire:podium_acacia":1,"minecraft:raw_iron":19,"iceandfire:copper_nugget":50,"minecraft:torch":34,"minecraft:gravel":2,"tombstone:grave_dust":2,"minecraft:redstone":4,"minecraft:gold_ore":9,"minecraft:trapped_chest":1,"minecraft:bundle":3,"minecraft:orange_bed":1,"minecraft:arrow":1,"minecraft:rotten_flesh":16,"minecraft:hay_block":26,"minecraft:granite":18,"minecraft:emerald":3,"minecraft:bread":6,"supplementaries:ash":9,"iceandfire:raw_silver":1,"minecraft:coal":2,"minecraft:skeleton_skull":1,"minecraft:cobblestone":18},"minecraft:mined":{"iceandfire:pixie_jar_empty":1,"iceandfire:silver_ore":1,"iceandfire:copper_pile":6,"iceandfire:podium_acacia":1,"luminousworld:savannah_grass_1":1,"minecraft:grass_block":1,"minecraft:cobblestone":9,"minecraft:lapis_ore":4,"placeablesmod:bread_full_block":6,"luminousworld:savanna_grass_2":1,"supplementaries:urn":5,"minecraft:hay_block":26,"minecraft:redstone_ore":14,"minecraft:iron_ore":20,"minecraft:yellow_bed":4,"minecraft:oak_log":10,"minecraft:coal_ore":2,"minecraft:vine":1,"minecraft:gravel":2,"minecraft:cobweb":17,"minecraft:stone":3,"minecraft:gold_ore":1,"minecraft:oak_leaves":4,"minecraft:orange_bed":1},"minecraft:used":{"minecraft:wheat_seeds":6,"minecraft:iron_ore":15,"minecraft:bundle":2,"minecraft:iron_sword":93,"minecraft:gold_ore":9,"minecraft:orange_bed":1,"minecraft:torch":59,"minecraft:crafting_table":3,"minecraft:apple":1,"minecraft:iron_axe":5,"minecraft:bread":33,"minecraft:brown_wool":1,"minecraft:iron_pickaxe":55,"luminousworld:elephant_grass":1,"minecraft:cobblestone":13,"alexsmobs:animal_dictionary":1,"tombstone:gift":2,"minecraft:bucket":1,"minecraft:yellow_bed":3,"iceandfire:pixie_jar_empty":1},"minecraft:dropped":{"minecraft:gold_ore":9,"minecraft:wheat_seeds":226,"minecraft:wheat":64,"minecraft:raw_iron":18,"minecraft:experience_bottle":1,"minecraft:feather":2,"minecraft:rotten_flesh":17,"iceandfire:podium_acacia":1,"minecraft:granite":18,"minecraft:emerald":3,"minecraft:dirt":1,"minecraft:bundle":3,"iceandfire:bestiary":1,"tombstone:grave_dust":4,"minecraft:bamboo":1,"minecraft:iron_ore":15,"minecraft:arrow":1,"minecraft:string":11,"minecraft:written_book":2,"iceandfire:manuscript":4},"minecraft:crafted":{"minecraft:oak_planks":16,"minecraft:crafting_table":3,"minecraft:iron_sword":1,"minecraft:bread":46,"iceandfire:bestiary":1,"minecraft:stick":16,"minecraft:torch":32,"minecraft:wheat":63},"minecraft:custom":{"minecraft:mob_kills":8,"tombstone:raider_killed":1,"minecraft:interact_with_crafting_table":3,"minecraft:bell_ring":2,"minecraft:leave_game":1,"minecraft:time_since_death":2858,"minecraft:sleep_in_bed":9,"minecraft:climb_one_cm":1448,"minecraft:time_since_rest":459,"minecraft:sprint_one_cm":271020,"minecraft:damage_taken":3845,"minecraft:walk_one_cm":246332,"minecraft:trigger_trapped_chest":1,"minecraft:drop":30,"minecraft:damage_dealt":3681,"minecraft:swim_one_cm":1884,"minecraft:talked_to_villager":3,"minecraft:fly_one_cm":323661,"minecraft:open_chest":13,"minecraft:crouch_one_cm":23508,"minecraft:play_time":109483,"tombstone:undead_killed":4,"minecraft:deaths":8,"minecraft:sneak_time":5645,"minecraft:walk_under_water_one_cm":6097,"minecraft:jump":1414,"minecraft:walk_on_water_one_cm":8145,"minecraft:total_world_time":109483,"minecraft:fall_one_cm":31226},"minecraft:broken":{"aether:leather_gloves":1}},"DataVersion":3465}