{"stats":{"minecraft:dropped":{"minecraft:gold_ore":9,"iceandfire:raw_silver":1,"minecraft:wheat_seeds":244,"minecraft:lapis_lazuli":20,"minecraft:golden_pickaxe":1,"minecraft:diamond":2,"minecraft:feather":2,"iceandfire:podium_acacia":1,"artifacts:whoopee_cushion":1,"minecraft:cracked_stone_bricks":5,"minecraft:granite":18,"minecraft:mangrove_planks":4,"minecraft:acacia_log":33,"minecraft:rail":26,"minecraft:stick":6,"minecraft:emerald":3,"minecraft:dirt":1,"minecraft:tnt_minecart":1,"tombstone:grave_dust":4,"minecraft:iron_pickaxe":2,"undead_revamp2:blacpetalblock":2,"minecraft:iron_shovel":1,"minecraft:string":42,"minecraft:bucket":2,"minecraft:bone":5,"minecraft:gravel":30,"minecraft:iron_nugget":11,"minecraft:detector_rail":8,"alexscaves:cave_tablet":4,"minecraft:wheat":64,"minecraft:experience_bottle":1,"minecraft:raw_iron":18,"minecraft:rotten_flesh":28,"minecraft:filled_map":1,"supplementaries:flax_seeds":1,"minecraft:shield":1,"alexscaves:cave_book":1,"minecraft:skeleton_skull":1,"minecraft:bundle":3,"minecraft:melon_seeds":4,"born_in_chaos_v1:corpse_maggot":1,"minecraft:mossy_stone_bricks":1,"iceandfire:bestiary":1,"minecraft:spider_eye":4,"minecraft:bamboo":1,"minecraft:iron_ore":15,"minecraft:arrow":1,"minecraft:written_book":2,"iceandfire:manuscript":4},"minecraft:broken":{"minecraft:leather_leggings":1,"minecraft:iron_axe":1,"minecraft:leather_boots":1,"minecraft:iron_sword":1,"minecraft:iron_pickaxe":1,"aether:leather_gloves":1},"minecraft:killed":{"minecraft:cave_spider":17,"born_in_chaos_v1:zombie_lumberjack":1,"undead_revamp2:thegliter":1,"enemyexpansion:intruder":1,"minecraft:spider":1,"minecraft:vindicator":1,"undead_revamp2:thesmoker":1,"enemyexpansion:direwolf":1,"born_in_chaos_v1:siamese_skeletonsright":1,"born_in_chaos_v1:maggot":4,"minecraft:drowned":2,"luminousworld:savannah_zombie":3,"earthmobsmod:bouldering_zombie":1,"born_in_chaos_v1:diamond_termite":2,"born_in_chaos_v1:baby_skeleton":1,"undead_revamp2:the_moonflower":2,"minecraft:creeper":1,"luminousworld:savannah_skeleton":4,"minecraft:zombie":10,"enemyexpansion:botfly":2,"born_in_chaos_v1:siamese_skeletonsleft":1},"minecraft:crafted":{"minecraft:oak_planks":16,"minecraft:stone_shovel":9,"vanillaplustools:stone_shovel":1,"minecraft:wheat":63,"minecraft:crafting_table":4,"minecraft:iron_sword":2,"minecraft:bucket":1,"minecraft:bread":46,"iceandfire:bestiary":1,"minecraft:shield":1,"minecraft:stick":16,"minecraft:iron_ingot":3,"minecraft:torch":104,"luminousworld:baobab_plank":8},"minecraft:custom":{"minecraft:mob_kills":61,"minecraft:inspect_hopper":1,"minecraft:interact_with_crafting_table":7,"minecraft:open_barrel":3,"minecraft:bell_ring":2,"minecraft:damage_dealt_resisted":210,"minecraft:leave_game":4,"minecraft:time_since_death":124173,"minecraft:climb_one_cm":16396,"minecraft:sprint_one_cm":723733,"minecraft:walk_one_cm":675513,"minecraft:drop":76,"minecraft:talked_to_villager":3,"minecraft:play_time":292998,"minecraft:sneak_time":25921,"minecraft:deaths":9,"minecraft:walk_under_water_one_cm":22343,"minecraft:jump":3727,"minecraft:walk_on_water_one_cm":34442,"minecraft:total_world_time":292998,"minecraft:interact_with_furnace":2,"tombstone:raider_killed":1,"minecraft:interact_with_loom":7,"minecraft:sleep_in_bed":16,"minecraft:time_since_rest":17889,"minecraft:damage_taken":10003,"minecraft:damage_absorbed":119,"minecraft:trigger_trapped_chest":1,"minecraft:damage_dealt":13863,"minecraft:swim_one_cm":5829,"minecraft:fly_one_cm":756343,"minecraft:open_chest":30,"minecraft:crouch_one_cm":80945,"tombstone:undead_killed":28,"minecraft:fall_one_cm":64227},"minecraft:picked_up":{"sophisticatedbackpacks:gold_backpack":1,"minecraft:charcoal":2,"minecraft:iron_chestplate":1,"minecraft:wheat":210,"minecraft:chest_minecart":1,"minecraft:golden_pickaxe":3,"minecraft:leather_leggings":1,"supplementaries:bomb_blue":1,"alexscaves:cave_tablet":4,"luminousworld:bao_bob_wood":1,"minecraft:shield":1,"aether:leather_gloves":1,"minecraft:string":56,"minecraft:iron_axe":1,"minecraft:iron_shovel":1,"minecraft:cracked_stone_bricks":5,"iceandfire:bestiary":1,"minecraft:tnt_minecart":1,"minecraft:cobbled_deepslate":128,"minecraft:detector_rail":8,"earthmobsmod:duck_egg":1,"minecraft:written_book":2,"minecraft:iron_nugget":38,"minecraft:iron_pickaxe":3,"iceandfire:podium_acacia":1,"minecraft:stick":17,"minecraft:raw_iron":33,"sophisticatedbackpacks:crafting_upgrade":1,"minecraft:torch":136,"minecraft:acacia_log":98,"luminousworld:savannah_soil":65,"tombstone:grave_dust":4,"minecraft:redstone":4,"tombstone:scroll_of_purification":1,"minecraft:orange_bed":1,"minecraft:arrow":1,"minecraft:rotten_flesh":31,"minecraft:hay_block":36,"alexscaves:spelunkery_table":1,"minecraft:gold_ingot":1,"supplementaries:ash":9,"minecraft:blaze_powder":5,"minecraft:skeleton_skull":2,"minecraft:rail":41,"minecraft:cobblestone":121,"born_in_chaos_v1:corpse_maggot":1,"minecraft:feather":2,"minecraft:water_bucket":1,"alexsmobs:acacia_blossom":1,"minecraft:filled_map":1,"alexscaves:cave_book":1,"minecraft:tuff":1,"minecraft:oak_log":8,"supplementaries:flax_seeds":3,"minecraft:yellow_bed":6,"minecraft:golden_boots":1,"minecraft:gunpowder":2,"minecraft:lapis_lazuli":29,"minecraft:dirt":2,"minecraft:paper":6,"minecraft:leather_boots":1,"minecraft:bone":10,"minecraft:stone_bricks":1,"minecraft:apple":1,"undead_revamp2:blacpetalblock":2,"iceandfire:pixie_jar_empty":1,"minecraft:wheat_seeds":250,"minecraft:iron_ingot":39,"artifacts:whoopee_cushion":1,"luminousworld:elephant_grass":3,"minecraft:iron_ore":15,"minecraft:mossy_stone_bricks":1,"minecraft:bamboo":1,"minecraft:gray_bed":1,"minecraft:mangrove_planks":10,"minecraft:acacia_sapling":4,"iceandfire:copper_nugget":50,"endrem:lost_eye":2,"minecraft:gravel":32,"minecraft:gold_ore":9,"minecraft:trapped_chest":1,"minecraft:spider_eye":9,"minecraft:bundle":3,"minecraft:diamond":3,"minecraft:iron_helmet":1,"minecraft:granite":20,"minecraft:bone_meal":1,"minecraft:bread":35,"minecraft:emerald":3,"tombstone:magic_scroll":2,"luminousworld:bao_bob_log":1,"minecraft:melon_seeds":8,"minecraft:coal":6,"iceandfire:raw_silver":1,"minecraft:diamond_pickaxe":1},"minecraft:mined":{"minecraft:diamond_ore":1,"alexscaves:spelunkery_table":1,"minecraft:tuff":15,"iceandfire:silver_ore":1,"iceandfire:copper_pile":6,"minecraft:granite":2,"minecraft:acacia_log":99,"luminousworld:bao_bob_wood":1,"minecraft:grass_block":1,"quark:acacia_chest":1,"luminousworld:savanna_grass_2":1,"minecraft:hay_block":37,"minecraft:redstone_ore":14,"minecraft:iron_ore":57,"placeablesmod:water_bucket_block":1,"minecraft:deepslate_iron_ore":21,"minecraft:vine":1,"minecraft:rail":2,"minecraft:stone":72,"minecraft:orange_bed":1,"iceandfire:pixie_jar_empty":1,"luminousworld:savannah_soil":83,"minecraft:acacia_leaves":2,"iceandfire:podium_acacia":1,"minecraft:torch":8,"luminousworld:savannah_grass_1":4,"minecraft:cobblestone":31,"minecraft:deepslate_gold_ore":3,"minecraft:lapis_ore":4,"minecraft:oak_planks":1,"placeablesmod:bread_full_block":12,"minecraft:diorite":1,"minecraft:wall_torch":9,"supplementaries:urn":15,"luminousworld:bao_bob_log":1,"minecraft:yellow_bed":6,"minecraft:oak_log":10,"minecraft:coal_ore":2,"luminousworld:ishstone":3,"minecraft:gravel":12,"minecraft:dirt":1,"minecraft:cobweb":63,"minecraft:cracked_stone_bricks":3,"minecraft:stone_bricks":5,"minecraft:gold_ore":1,"luminousworld:savannah_grass_4":5,"minecraft:mossy_stone_bricks":6,"minecraft:oak_leaves":4,"minecraft:deepslate":161},"minecraft:killed_by":{"mutantmonsters:mutant_skeleton":5,"minecraft:skeleton":1,"enemyexpansion:invisicreeper":1},"minecraft:used":{"minecraft:acacia_log":1,"minecraft:iron_sword":372,"minecraft:orange_bed":1,"minecraft:torch":251,"endrem:lost_eye":1,"minecraft:dirt":1,"minecraft:granite":2,"minecraft:iron_axe":117,"luminousworld:elephant_grass":3,"minecraft:stone_bricks":1,"alexscaves:spelunkery_table":1,"tombstone:gift":2,"iceandfire:pixie_jar_empty":1,"minecraft:wheat_seeds":6,"minecraft:water_bucket":5,"minecraft:iron_ore":15,"minecraft:bundle":2,"minecraft:gold_ore":9,"minecraft:golden_apple":3,"luminousworld:baobab_plank":3,"minecraft:crafting_table":4,"alexscaves:cave_book":7,"vanillaplustools:stone_shovel":83,"earthmobsmod:duck_egg":1,"minecraft:apple":1,"minecraft:bread":157,"minecraft:brown_wool":1,"minecraft:iron_pickaxe":408,"minecraft:cobblestone":89,"minecraft:gray_wool":7,"alexsmobs:animal_dictionary":1,"minecraft:bucket":5,"minecraft:yellow_bed":5,"minecraft:bone_meal":1}},"DataVersion":3465}