{"stats":{"minecraft:dropped":{"iceandfire:bestiary":1,"minecraft:string":11,"iceandfire:manuscript":4},"minecraft:crafted":{"minecraft:oak_planks":8,"iceandfire:bestiary":1,"minecraft:crafting_table":2,"minecraft:iron_sword":1,"minecraft:bread":19},"minecraft:killed":{"minecraft:vindicator":1},"minecraft:used":{"minecraft:wheat_seeds":5,"minecraft:apple":1,"minecraft:bread":8,"minecraft:iron_pickaxe":3,"minecraft:iron_sword":16,"minecraft:crafting_table":2,"alexsmobs:animal_dictionary":1,"iceandfire:pixie_jar_empty":1},"minecraft:picked_up":{"minecraft:iron_chestplate":1,"iceandfire:copper_nugget":50,"minecraft:wheat":118,"minecraft:oak_log":8,"aether:leather_gloves":1,"minecraft:string":11,"minecraft:iron_axe":1,"minecraft:arrow":1,"minecraft:apple":1,"iceandfire:pixie_jar_empty":1,"iceandfire:bestiary":1,"minecraft:wheat_seeds":199,"minecraft:hay_block":16,"artifacts:whoopee_cushion":1,"minecraft:emerald":1,"minecraft:iron_pickaxe":1,"iceandfire:podium_acacia":1,"minecraft:skeleton_skull":1,"minecraft:coal":2,"minecraft:cobblestone":1},"minecraft:custom":{"minecraft:time_since_rest":7266,"minecraft:sprint_one_cm":89742,"minecraft:damage_taken":322,"minecraft:walk_one_cm":103848,"minecraft:mob_kills":1,"minecraft:drop":6,"tombstone:raider_killed":1,"minecraft:damage_dealt":234,"minecraft:talked_to_villager":2,"minecraft:interact_with_crafting_table":2,"minecraft:fly_one_cm":97806,"minecraft:open_chest":8,"minecraft:crouch_one_cm":7345,"minecraft:play_time":42389,"minecraft:sneak_time":1463,"minecraft:bell_ring":2,"minecraft:jump":401,"minecraft:walk_on_water_one_cm":2311,"minecraft:time_since_death":42389,"minecraft:sleep_in_bed":3,"minecraft:total_world_time":42389,"minecraft:fall_one_cm":7793},"minecraft:mined":{"iceandfire:pixie_jar_empty":1,"minecraft:hay_block":16,"iceandfire:copper_pile":6,"iceandfire:podium_acacia":1,"luminousworld:savannah_grass_1":1,"minecraft:coal_ore":2,"minecraft:oak_log":10,"minecraft:cobweb":12,"minecraft:stone":1,"minecraft:oak_leaves":4}},"DataVersion":3465}