{"stats":{"minecraft:dropped":{"minecraft:gold_ore":9,"iceandfire:raw_silver":1,"minecraft:wheat_seeds":226,"minecraft:lapis_lazuli":20,"minecraft:diamond":2,"minecraft:feather":2,"iceandfire:podium_acacia":1,"artifacts:whoopee_cushion":1,"minecraft:granite":18,"minecraft:mangrove_planks":4,"minecraft:emerald":3,"minecraft:dirt":1,"minecraft:tnt_minecart":1,"tombstone:grave_dust":4,"undead_revamp2:blacpetalblock":2,"minecraft:string":36,"minecraft:bone":1,"minecraft:iron_nugget":11,"minecraft:wheat":64,"minecraft:raw_iron":18,"minecraft:experience_bottle":1,"minecraft:rotten_flesh":20,"minecraft:filled_map":1,"supplementaries:flax_seeds":1,"minecraft:bundle":3,"minecraft:skeleton_skull":1,"minecraft:mossy_stone_bricks":1,"iceandfire:bestiary":1,"minecraft:bamboo":1,"minecraft:spider_eye":4,"minecraft:iron_ore":15,"minecraft:arrow":1,"minecraft:written_book":2,"iceandfire:manuscript":4},"minecraft:broken":{"minecraft:iron_sword":1,"aether:leather_gloves":1},"minecraft:killed":{"minecraft:cave_spider":7,"born_in_chaos_v1:zombie_lumberjack":1,"minecraft:vindicator":1,"minecraft:spider":1,"undead_revamp2:thesmoker":1,"born_in_chaos_v1:maggot":1,"luminousworld:savannah_zombie":3,"earthmobsmod:bouldering_zombie":1,"born_in_chaos_v1:baby_skeleton":1,"undead_revamp2:the_moonflower":1,"luminousworld:savannah_skeleton":1,"minecraft:zombie":2,"enemyexpansion:botfly":2},"minecraft:crafted":{"minecraft:oak_planks":16,"minecraft:wheat":63,"minecraft:crafting_table":4,"minecraft:iron_sword":2,"minecraft:bread":46,"iceandfire:bestiary":1,"minecraft:shield":1,"minecraft:stick":16,"minecraft:iron_ingot":3,"minecraft:torch":72},"minecraft:custom":{"minecraft:mob_kills":24,"minecraft:interact_with_crafting_table":7,"minecraft:open_barrel":3,"minecraft:bell_ring":2,"minecraft:damage_dealt_resisted":200,"minecraft:leave_game":1,"minecraft:time_since_death":54138,"minecraft:climb_one_cm":10721,"minecraft:sprint_one_cm":416094,"minecraft:walk_one_cm":399420,"minecraft:drop":50,"minecraft:talked_to_villager":3,"minecraft:play_time":160763,"minecraft:deaths":8,"minecraft:sneak_time":9898,"minecraft:walk_under_water_one_cm":9306,"minecraft:jump":1912,"minecraft:walk_on_water_one_cm":13389,"minecraft:total_world_time":160763,"minecraft:interact_with_furnace":1,"tombstone:raider_killed":1,"minecraft:interact_with_loom":5,"minecraft:sleep_in_bed":9,"minecraft:time_since_rest":51739,"minecraft:damage_taken":4576,"minecraft:trigger_trapped_chest":1,"minecraft:damage_dealt":5998,"minecraft:swim_one_cm":2047,"minecraft:fly_one_cm":385713,"minecraft:open_chest":20,"minecraft:crouch_one_cm":35570,"tombstone:undead_killed":11,"minecraft:fall_one_cm":38319},"minecraft:picked_up":{"minecraft:charcoal":2,"minecraft:iron_chestplate":1,"minecraft:wheat":139,"supplementaries:bomb_blue":1,"minecraft:golden_pickaxe":2,"aether:leather_gloves":1,"minecraft:string":44,"minecraft:iron_axe":1,"iceandfire:bestiary":1,"minecraft:cracked_stone_bricks":5,"minecraft:tnt_minecart":1,"minecraft:written_book":2,"minecraft:iron_nugget":38,"minecraft:iron_pickaxe":2,"iceandfire:podium_acacia":1,"minecraft:stick":7,"minecraft:raw_iron":33,"minecraft:torch":109,"tombstone:grave_dust":2,"minecraft:redstone":4,"minecraft:orange_bed":1,"minecraft:rotten_flesh":19,"minecraft:arrow":1,"minecraft:hay_block":26,"supplementaries:ash":9,"minecraft:cobblestone":32,"minecraft:rail":2,"minecraft:skeleton_skull":2,"minecraft:feather":2,"minecraft:filled_map":1,"minecraft:oak_log":8,"supplementaries:flax_seeds":3,"minecraft:yellow_bed":4,"minecraft:lapis_lazuli":20,"minecraft:paper":6,"minecraft:dirt":2,"minecraft:leather_boots":1,"minecraft:bone":5,"undead_revamp2:blacpetalblock":2,"minecraft:apple":1,"minecraft:stone_bricks":1,"iceandfire:pixie_jar_empty":1,"minecraft:wheat_seeds":232,"luminousworld:elephant_grass":1,"minecraft:iron_ingot":2,"artifacts:whoopee_cushion":1,"minecraft:iron_ore":15,"minecraft:mossy_stone_bricks":1,"minecraft:mangrove_planks":10,"minecraft:bamboo":1,"minecraft:gray_bed":1,"iceandfire:copper_nugget":50,"endrem:lost_eye":1,"minecraft:gravel":2,"minecraft:gold_ore":9,"minecraft:trapped_chest":1,"minecraft:spider_eye":6,"minecraft:bundle":3,"minecraft:diamond":3,"minecraft:granite":18,"minecraft:emerald":3,"minecraft:bread":29,"tombstone:magic_scroll":1,"minecraft:coal":2,"iceandfire:raw_silver":1},"minecraft:mined":{"minecraft:diamond_ore":1,"iceandfire:silver_ore":1,"iceandfire:copper_pile":6,"minecraft:grass_block":1,"luminousworld:savanna_grass_2":1,"minecraft:hay_block":26,"minecraft:redstone_ore":14,"minecraft:iron_ore":36,"minecraft:deepslate_iron_ore":7,"minecraft:vine":1,"minecraft:rail":2,"minecraft:stone":16,"minecraft:orange_bed":1,"iceandfire:pixie_jar_empty":1,"iceandfire:podium_acacia":1,"minecraft:torch":2,"luminousworld:savannah_grass_1":1,"minecraft:cobblestone":17,"minecraft:lapis_ore":4,"minecraft:oak_planks":1,"placeablesmod:bread_full_block":6,"minecraft:diorite":1,"minecraft:wall_torch":1,"supplementaries:urn":15,"minecraft:yellow_bed":4,"minecraft:oak_log":10,"minecraft:coal_ore":2,"minecraft:gravel":2,"minecraft:dirt":1,"minecraft:cobweb":63,"minecraft:cracked_stone_bricks":3,"minecraft:stone_bricks":5,"minecraft:mossy_stone_bricks":6,"minecraft:gold_ore":1,"minecraft:oak_leaves":4},"minecraft:killed_by":{"mutantmonsters:mutant_skeleton":5,"minecraft:skeleton":1,"enemyexpansion:invisicreeper":1},"minecraft:used":{"minecraft:iron_sword":186,"endrem:lost_eye":1,"minecraft:orange_bed":1,"minecraft:torch":192,"minecraft:dirt":1,"minecraft:iron_axe":11,"luminousworld:elephant_grass":1,"minecraft:stone_bricks":1,"tombstone:gift":2,"iceandfire:pixie_jar_empty":1,"minecraft:wheat_seeds":6,"minecraft:iron_ore":15,"minecraft:bundle":2,"minecraft:gold_ore":9,"minecraft:crafting_table":4,"minecraft:apple":1,"minecraft:bread":57,"minecraft:brown_wool":1,"minecraft:iron_pickaxe":117,"minecraft:cobblestone":20,"minecraft:bucket":1,"alexsmobs:animal_dictionary":1,"minecraft:yellow_bed":3,"minecraft:gray_wool":2}},"DataVersion":3465}