{"stats":{"minecraft:crafted":{"minecraft:oak_planks":8,"iceandfire:bestiary":1,"minecraft:crafting_table":2,"minecraft:iron_sword":1,"minecraft:bread":19},"minecraft:killed":{"minecraft:vindicator":1},"minecraft:used":{"minecraft:wheat_seeds":5,"minecraft:apple":1,"minecraft:bread":6,"minecraft:iron_pickaxe":3,"minecraft:iron_sword":3,"minecraft:crafting_table":2,"alexsmobs:animal_dictionary":1},"minecraft:picked_up":{"minecraft:iron_chestplate":1,"minecraft:wheat":57,"minecraft:oak_log":8,"minecraft:iron_axe":1,"minecraft:apple":1,"iceandfire:bestiary":1,"minecraft:wheat_seeds":99,"minecraft:hay_block":16,"minecraft:emerald":1,"minecraft:iron_pickaxe":1,"iceandfire:podium_acacia":1,"minecraft:coal":2,"minecraft:cobblestone":1},"minecraft:custom":{"minecraft:time_since_rest":9137,"minecraft:sprint_one_cm":62320,"minecraft:damage_taken":196,"minecraft:walk_one_cm":76439,"minecraft:mob_kills":1,"tombstone:raider_killed":1,"minecraft:damage_dealt":175,"minecraft:talked_to_villager":2,"minecraft:interact_with_crafting_table":2,"minecraft:fly_one_cm":71977,"minecraft:open_chest":6,"minecraft:crouch_one_cm":6456,"minecraft:play_time":30389,"minecraft:sneak_time":1149,"minecraft:bell_ring":2,"minecraft:jump":301,"minecraft:walk_on_water_one_cm":1663,"minecraft:time_since_death":30389,"minecraft:sleep_in_bed":2,"minecraft:total_world_time":30389,"minecraft:fall_one_cm":5796},"minecraft:mined":{"minecraft:hay_block":16,"iceandfire:podium_acacia":1,"luminousworld:savannah_grass_1":1,"minecraft:coal_ore":2,"minecraft:oak_log":10,"minecraft:stone":1,"minecraft:oak_leaves":4}},"DataVersion":3465}