{"stats":{"minecraft:dropped":{"iceandfire:bestiary":1,"minecraft:string":11,"iceandfire:manuscript":4},"minecraft:crafted":{"minecraft:oak_planks":8,"iceandfire:bestiary":1,"minecraft:crafting_table":2,"minecraft:iron_sword":1,"minecraft:bread":19},"minecraft:killed":{"minecraft:vindicator":1},"minecraft:used":{"minecraft:wheat_seeds":6,"minecraft:apple":1,"minecraft:brown_wool":1,"minecraft:bread":12,"minecraft:iron_pickaxe":3,"minecraft:iron_sword":16,"luminousworld:elephant_grass":1,"minecraft:cobblestone":1,"minecraft:crafting_table":2,"alexsmobs:animal_dictionary":1,"iceandfire:pixie_jar_empty":1},"minecraft:picked_up":{"minecraft:iron_chestplate":1,"iceandfire:copper_nugget":50,"minecraft:wheat":139,"minecraft:oak_log":8,"aether:leather_gloves":1,"minecraft:dirt":1,"minecraft:string":11,"minecraft:iron_axe":1,"minecraft:orange_bed":1,"minecraft:arrow":1,"minecraft:apple":1,"iceandfire:pixie_jar_empty":1,"iceandfire:bestiary":1,"minecraft:wheat_seeds":230,"minecraft:hay_block":26,"artifacts:whoopee_cushion":1,"luminousworld:elephant_grass":1,"minecraft:emerald":1,"minecraft:iron_pickaxe":1,"iceandfire:podium_acacia":1,"minecraft:coal":2,"minecraft:skeleton_skull":1,"minecraft:cobblestone":1},"minecraft:custom":{"minecraft:time_since_rest":9404,"minecraft:sprint_one_cm":149446,"minecraft:damage_taken":394,"minecraft:walk_one_cm":137011,"minecraft:mob_kills":1,"minecraft:drop":6,"tombstone:raider_killed":1,"minecraft:damage_dealt":234,"minecraft:interact_with_crafting_table":2,"minecraft:fly_one_cm":150838,"minecraft:talked_to_villager":2,"minecraft:open_chest":11,"minecraft:play_time":58814,"minecraft:crouch_one_cm":8073,"minecraft:bell_ring":2,"minecraft:sneak_time":1689,"minecraft:jump":643,"minecraft:time_since_death":58814,"minecraft:walk_on_water_one_cm":3136,"minecraft:sleep_in_bed":4,"minecraft:total_world_time":58814,"minecraft:fall_one_cm":11984},"minecraft:mined":{"iceandfire:pixie_jar_empty":1,"minecraft:hay_block":26,"iceandfire:copper_pile":6,"iceandfire:podium_acacia":1,"luminousworld:savannah_grass_1":1,"minecraft:oak_log":10,"minecraft:grass_block":1,"minecraft:coal_ore":2,"minecraft:cobweb":12,"minecraft:stone":1,"luminousworld:savanna_grass_2":1,"minecraft:oak_leaves":4,"minecraft:orange_bed":1}},"DataVersion":3465}